member_id,trip_id,user_id,role,joined_at,share_weight,invited_by_user_id,status,updated_at
tmb_88960f1d,trp_dba33c33,usr_b5327682,owner,2026-03-31T10:00:00+05:30,1,,active,2026-08-18T10:00:00+05:30
tmb_fd62a99f,trp_dba33c33,usr_bc9d20fa,editor,2026-03-28T10:00:00+05:30,0.5,usr_b5327682,active,2026-08-18T10:00:00+05:30
tmb_d6619551,trp_dba33c33,usr_0f11ccce,editor,2026-08-12T10:00:00+05:30,1,usr_b5327682,active,2026-08-18T10:00:00+05:30
tmb_07d81e1c,trp_dba33c33,usr_d3cf0a5d,editor,2026-07-07T10:00:00+05:30,2,usr_b5327682,active,2026-08-18T10:00:00+05:30
tmb_f337caaf,trp_c183d169,usr_ecb18174,owner,2026-06-29T10:00:00+05:30,1,,active,2026-08-18T10:00:00+05:30
tmb_aa775b67,trp_c183d169,usr_3d1b88d6,editor,2026-08-12T10:00:00+05:30,1,usr_ecb18174,active,2026-08-18T10:00:00+05:30
tmb_6f7c30f9,trp_c183d169,usr_aebfb5b6,editor,2026-04-08T10:00:00+05:30,1,usr_ecb18174,active,2026-08-18T10:00:00+05:30
tmb_ae128388,trp_c183d169,usr_13fe39d3,viewer,2026-04-22T10:00:00+05:30,2,usr_ecb18174,active,2026-08-18T10:00:00+05:30
tmb_f5267450,trp_c183d169,usr_53cbafa7,editor,2026-06-09T10:00:00+05:30,1,usr_ecb18174,active,2026-08-18T10:00:00+05:30
tmb_f401f72f,trp_c183d169,usr_03840a57,viewer,2026-05-06T10:00:00+05:30,2,usr_ecb18174,active,2026-08-18T10:00:00+05:30
tmb_66f11551,trp_5c81e163,usr_18260fc4,owner,2026-04-01T10:00:00+05:30,1,,active,2026-08-18T10:00:00+05:30
tmb_263e2004,trp_13423f49,usr_5de9da21,owner,2026-07-06T10:00:00+05:30,1,,active,2026-08-18T10:00:00+05:30
tmb_6dfcfcc2,trp_13423f49,usr_0f45cfd7,editor,2026-04-12T10:00:00+05:30,0.5,usr_5de9da21,active,2026-08-18T10:00:00+05:30
tmb_271e987c,trp_13423f49,usr_fbf7ac58,viewer,2026-05-11T10:00:00+05:30,1,usr_5de9da21,active,2026-08-18T10:00:00+05:30
tmb_f0270d68,trp_13423f49,usr_3393c7a2,editor,2026-06-13T10:00:00+05:30,1,usr_5de9da21,active,2026-08-18T10:00:00+05:30
tmb_944b4097,trp_13423f49,usr_9793e551,editor,2026-05-11T10:00:00+05:30,1,usr_5de9da21,active,2026-08-18T10:00:00+05:30
tmb_cf357210,trp_13423f49,usr_c426b4e1,viewer,2026-03-03T10:00:00+05:30,2,usr_5de9da21,active,2026-08-18T10:00:00+05:30
tmb_cda866f4,trp_d0565c09,usr_65b43f7e,owner,2026-06-20T10:00:00+05:30,1,,active,2026-08-18T10:00:00+05:30
tmb_855efbb1,trp_d0565c09,usr_e2ca58e8,editor,2026-03-27T10:00:00+05:30,1,usr_65b43f7e,active,2026-08-18T10:00:00+05:30
tmb_5d5166c9,trp_d0565c09,usr_ede8042e,viewer,2026-07-05T10:00:00+05:30,1,usr_65b43f7e,active,2026-08-18T10:00:00+05:30
tmb_913dce6e,trp_d0565c09,usr_3e25dcc6,editor,2026-06-14T10:00:00+05:30,0.5,usr_65b43f7e,active,2026-08-18T10:00:00+05:30
tmb_113190a5,trp_d0565c09,usr_81dbf021,viewer,2026-06-01T10:00:00+05:30,1,usr_65b43f7e,inactive,2026-08-18T10:00:00+05:30
tmb_b1a00508,trp_929cc01b,usr_df582802,owner,2026-04-05T10:00:00+05:30,1,,active,2026-08-18T10:00:00+05:30
tmb_c7dfb9d2,trp_929cc01b,usr_e4980687,editor,2026-03-14T10:00:00+05:30,1,usr_df582802,active,2026-08-18T10:00:00+05:30
tmb_0fac402d,trp_929cc01b,usr_1dc66e29,editor,2026-07-31T10:00:00+05:30,0.5,usr_df582802,active,2026-08-18T10:00:00+05:30
tmb_4fa5f856,trp_929cc01b,usr_f6728ccc,viewer,2026-07-28T10:00:00+05:30,1,usr_df582802,active,2026-08-18T10:00:00+05:30
tmb_400c2101,trp_929cc01b,usr_6e20f92e,viewer,2026-04-30T10:00:00+05:30,0.5,usr_df582802,active,2026-08-18T10:00:00+05:30
tmb_c36da025,trp_5843b90d,usr_d7d11d69,owner,2026-05-05T10:00:00+05:30,1,,active,2026-08-18T10:00:00+05:30
tmb_cdffed5a,trp_3901f712,usr_aef2d4f6,owner,2026-03-09T10:00:00+05:30,1,,active,2026-08-18T10:00:00+05:30
tmb_b834fa5c,trp_3901f712,usr_ce2e54f4,editor,2026-03-02T10:00:00+05:30,0.5,usr_aef2d4f6,active,2026-08-18T10:00:00+05:30
tmb_5170c895,trp_e842e287,usr_4794174d,owner,2026-07-13T10:00:00+05:30,1,,active,2026-08-18T10:00:00+05:30
tmb_f704aec2,trp_ebd8ca83,usr_c010ce3c,owner,2026-03-24T10:00:00+05:30,1,,active,2026-08-18T10:00:00+05:30
tmb_b4594ac1,trp_31e8bc24,usr_ca24d130,owner,2026-05-03T10:00:00+05:30,1,,active,2026-08-18T10:00:00+05:30
tmb_f6ff0e89,trp_9656ff69,usr_7faf6134,owner,2026-04-29T10:00:00+05:30,1,,active,2026-08-18T10:00:00+05:30
tmb_536cdb20,trp_9656ff69,usr_ee5c9717,editor,2026-05-09T10:00:00+05:30,1,usr_7faf6134,inactive,2026-08-18T10:00:00+05:30
tmb_b86cdea9,trp_9656ff69,usr_4efab0b7,editor,2026-07-25T10:00:00+05:30,2,usr_7faf6134,inactive,2026-08-18T10:00:00+05:30
tmb_0c579a5f,trp_9656ff69,usr_bc67142c,viewer,2026-04-27T10:00:00+05:30,1,usr_7faf6134,active,2026-08-18T10:00:00+05:30
tmb_a79a353f,trp_9656ff69,usr_e5415ac7,viewer,2026-02-24T10:00:00+05:30,1,usr_7faf6134,active,2026-08-18T10:00:00+05:30
tmb_77883f67,trp_358447d8,usr_701b0010,owner,2026-04-26T10:00:00+05:30,1,,active,2026-08-18T10:00:00+05:30
tmb_42576646,trp_79c91f6b,usr_e076a69d,owner,2026-05-20T10:00:00+05:30,1,,active,2026-08-18T10:00:00+05:30
tmb_6b8acca5,trp_79c91f6b,usr_85c09ee4,viewer,2026-03-25T10:00:00+05:30,1,usr_e076a69d,active,2026-08-18T10:00:00+05:30
tmb_f40d91e1,trp_4a195a07,usr_ab49979e,owner,2026-02-14T10:00:00+05:30,1,,active,2026-08-18T10:00:00+05:30
tmb_2316dd94,trp_27260494,usr_ee03ca6c,owner,2026-02-19T10:00:00+05:30,1,,active,2026-08-18T10:00:00+05:30
tmb_6d5a8492,trp_0ea3db93,usr_1cec1f14,owner,2026-04-07T10:00:00+05:30,1,,active,2026-08-18T10:00:00+05:30
tmb_58bd05f8,trp_0ea3db93,usr_2a2841d1,editor,2026-05-07T10:00:00+05:30,1,usr_1cec1f14,active,2026-08-18T10:00:00+05:30
tmb_21b31119,trp_fc64f16e,usr_ea269383,owner,2026-06-19T10:00:00+05:30,1,,active,2026-08-18T10:00:00+05:30
tmb_92c3792c,trp_fc64f16e,usr_57798fdb,editor,2026-03-22T10:00:00+05:30,1,usr_ea269383,active,2026-08-18T10:00:00+05:30
tmb_2fdb5de3,trp_f996a70f,usr_b86dd891,owner,2026-02-01T10:00:00+05:30,1,,active,2026-08-18T10:00:00+05:30
tmb_6b95b80c,trp_f996a70f,usr_dabbaf95,editor,2026-06-07T10:00:00+05:30,2,usr_b86dd891,active,2026-08-18T10:00:00+05:30
tmb_a0c13f78,trp_f996a70f,usr_2a348485,editor,2026-06-22T10:00:00+05:30,1,usr_b86dd891,active,2026-08-18T10:00:00+05:30
tmb_a554c705,trp_c6136493,usr_8b3ba681,owner,2026-06-23T10:00:00+05:30,1,,active,2026-08-18T10:00:00+05:30
tmb_5a2a9202,trp_c6136493,usr_6eabc4ca,editor,2026-05-23T10:00:00+05:30,0.5,usr_8b3ba681,active,2026-08-18T10:00:00+05:30
tmb_429b4e17,trp_c6136493,usr_22a5c239,editor,2026-06-30T10:00:00+05:30,0.5,usr_8b3ba681,active,2026-08-18T10:00:00+05:30
tmb_51f69601,trp_c6136493,usr_9473419d,viewer,2026-08-13T10:00:00+05:30,2,usr_8b3ba681,active,2026-08-18T10:00:00+05:30
tmb_0ae9f311,trp_c6136493,usr_8e89346c,viewer,2026-07-19T10:00:00+05:30,1,usr_8b3ba681,active,2026-08-18T10:00:00+05:30
tmb_d5b803f1,trp_c6136493,usr_451855a4,viewer,2026-03-09T10:00:00+05:30,2,usr_8b3ba681,active,2026-08-18T10:00:00+05:30
tmb_d1fcfad4,trp_aaec0d9c,usr_0e9166f0,owner,2026-02-05T10:00:00+05:30,1,,active,2026-08-18T10:00:00+05:30
tmb_dfb29a50,trp_5162b851,usr_756ce6b3,owner,2026-05-11T10:00:00+05:30,1,,active,2026-08-18T10:00:00+05:30
tmb_217f6701,trp_5162b851,usr_7b329574,editor,2026-06-13T10:00:00+05:30,1,usr_756ce6b3,active,2026-08-18T10:00:00+05:30
tmb_3731427c,trp_5162b851,usr_373b76a9,editor,2026-04-09T10:00:00+05:30,0.5,usr_756ce6b3,inactive,2026-08-18T10:00:00+05:30
tmb_0d849559,trp_5162b851,usr_21fe0c1f,viewer,2026-05-13T10:00:00+05:30,0.5,usr_756ce6b3,active,2026-08-18T10:00:00+05:30
tmb_a3ed08f2,trp_5162b851,usr_6361ffdd,viewer,2026-04-10T10:00:00+05:30,2,usr_756ce6b3,active,2026-08-18T10:00:00+05:30
tmb_2d282481,trp_5162b851,usr_7e0ddebe,editor,2026-03-07T10:00:00+05:30,1,usr_756ce6b3,active,2026-08-18T10:00:00+05:30
tmb_561938bc,trp_909e59bc,usr_17b45921,owner,2026-07-13T10:00:00+05:30,1,,active,2026-08-18T10:00:00+05:30
tmb_6003ed48,trp_799607b3,usr_55b114d5,owner,2026-06-09T10:00:00+05:30,1,,active,2026-08-18T10:00:00+05:30
tmb_2f4725cf,trp_799607b3,usr_13f77754,editor,2026-05-30T10:00:00+05:30,0.5,usr_55b114d5,active,2026-08-18T10:00:00+05:30
tmb_c4e57d2e,trp_799607b3,usr_157e58e7,viewer,2026-02-28T10:00:00+05:30,1,usr_55b114d5,active,2026-08-18T10:00:00+05:30
tmb_7d147e21,trp_a00e9d0f,usr_7f9533ad,owner,2026-03-24T10:00:00+05:30,1,,active,2026-08-18T10:00:00+05:30
tmb_d915116c,trp_a00e9d0f,usr_749f5098,editor,2026-04-26T10:00:00+05:30,0.5,usr_7f9533ad,active,2026-08-18T10:00:00+05:30
tmb_4b11c167,trp_a00e9d0f,usr_79248234,viewer,2026-03-12T10:00:00+05:30,1,usr_7f9533ad,active,2026-08-18T10:00:00+05:30
tmb_87c94a64,trp_a00e9d0f,usr_7edfea3c,editor,2026-05-28T10:00:00+05:30,1,usr_7f9533ad,active,2026-08-18T10:00:00+05:30
tmb_e8f26b02,trp_a00e9d0f,usr_7fa0a9c6,editor,2026-07-25T10:00:00+05:30,0.5,usr_7f9533ad,active,2026-08-18T10:00:00+05:30
tmb_43a3a500,trp_55127690,usr_2de68d4f,owner,2026-06-03T10:00:00+05:30,1,,active,2026-08-18T10:00:00+05:30
tmb_76579415,trp_f272c28c,usr_8f32fd7a,owner,2026-03-29T10:00:00+05:30,1,,active,2026-08-18T10:00:00+05:30
tmb_4aa20b43,trp_06892c8d,usr_656b5a35,owner,2026-04-23T10:00:00+05:30,1,,active,2026-08-18T10:00:00+05:30
tmb_6b2e81dd,trp_06892c8d,usr_5e9a11a1,editor,2026-03-27T10:00:00+05:30,1,usr_656b5a35,active,2026-08-18T10:00:00+05:30
tmb_d4798a84,trp_06892c8d,usr_5307f01f,editor,2026-05-12T10:00:00+05:30,2,usr_656b5a35,active,2026-08-18T10:00:00+05:30
tmb_e404ee3c,trp_06892c8d,usr_66a4a013,editor,2026-07-28T10:00:00+05:30,2,usr_656b5a35,active,2026-08-18T10:00:00+05:30
tmb_82c3b106,trp_06892c8d,usr_7edfea3c,viewer,2026-05-11T10:00:00+05:30,1,usr_656b5a35,active,2026-08-18T10:00:00+05:30
tmb_5e3159c6,trp_06892c8d,usr_c25e06d9,editor,2026-06-09T10:00:00+05:30,1,usr_656b5a35,active,2026-08-18T10:00:00+05:30
tmb_158b68bc,trp_2ee981f7,usr_0389057b,owner,2026-04-01T10:00:00+05:30,1,,active,2026-08-18T10:00:00+05:30
tmb_41b83d70,trp_d04f7574,usr_18b5561e,owner,2026-07-07T10:00:00+05:30,1,,active,2026-08-18T10:00:00+05:30
tmb_ca7a2872,trp_d04f7574,usr_de0e4344,viewer,2026-03-19T10:00:00+05:30,1,usr_18b5561e,active,2026-08-18T10:00:00+05:30
tmb_ea831f56,trp_d04f7574,usr_9115fc7c,editor,2026-06-14T10:00:00+05:30,1,usr_18b5561e,active,2026-08-18T10:00:00+05:30
tmb_5f163b4c,trp_d04f7574,usr_5638f607,editor,2026-08-13T10:00:00+05:30,1,usr_18b5561e,active,2026-08-18T10:00:00+05:30
tmb_16ee6169,trp_d04f7574,usr_51247360,viewer,2026-03-28T10:00:00+05:30,2,usr_18b5561e,active,2026-08-18T10:00:00+05:30
tmb_103af1e0,trp_bd724666,usr_dace411a,owner,2026-06-20T10:00:00+05:30,1,,active,2026-08-18T10:00:00+05:30
tmb_9b2d69d2,trp_bd724666,usr_693c20b9,editor,2026-05-07T10:00:00+05:30,0.5,usr_dace411a,inactive,2026-08-18T10:00:00+05:30
tmb_531f5286,trp_bd724666,usr_b4a877b0,viewer,2026-04-24T10:00:00+05:30,1,usr_dace411a,active,2026-08-18T10:00:00+05:30
tmb_0b3d6d75,trp_bd724666,usr_96e3c90b,viewer,2026-05-11T10:00:00+05:30,0.5,usr_dace411a,active,2026-08-18T10:00:00+05:30
tmb_9cb67ff0,trp_bd724666,usr_46091d13,viewer,2026-05-12T10:00:00+05:30,1,usr_dace411a,active,2026-08-18T10:00:00+05:30
tmb_5c79bc76,trp_bd724666,usr_c749abe0,editor,2026-06-28T10:00:00+05:30,2,usr_dace411a,active,2026-08-18T10:00:00+05:30
tmb_780cb0b4,trp_72f16fa8,usr_8e272905,owner,2026-02-12T10:00:00+05:30,1,,active,2026-08-18T10:00:00+05:30
tmb_c1f13caa,trp_72f16fa8,usr_df77fb8e,editor,2026-04-03T10:00:00+05:30,1,usr_8e272905,active,2026-08-18T10:00:00+05:30
tmb_5a9ab2f8,trp_72f16fa8,usr_6c3fae7b,editor,2026-06-13T10:00:00+05:30,1,usr_8e272905,active,2026-08-18T10:00:00+05:30
tmb_60e0a585,trp_a62adcb1,usr_08b8f8e9,owner,2026-07-02T10:00:00+05:30,1,,active,2026-08-18T10:00:00+05:30
tmb_8368c2dc,trp_46f6a107,usr_7d0ce609,owner,2026-02-25T10:00:00+05:30,1,,active,2026-08-18T10:00:00+05:30
tmb_94f796f8,trp_0c26fee1,usr_8ba42edb,owner,2026-04-29T10:00:00+05:30,1,,active,2026-08-18T10:00:00+05:30
tmb_fddfafe1,trp_71d9ea27,usr_0a31df91,owner,2026-03-22T10:00:00+05:30,1,,active,2026-08-18T10:00:00+05:30
tmb_e986a3a3,trp_71d9ea27,usr_f7512c22,editor,2026-04-22T10:00:00+05:30,1,usr_0a31df91,active,2026-08-18T10:00:00+05:30
tmb_65d53b44,trp_cc443308,usr_49c29e32,owner,2026-06-11T10:00:00+05:30,1,,active,2026-08-18T10:00:00+05:30
tmb_d51b8edc,trp_aad6a7fa,usr_3b70ae01,owner,2026-03-17T10:00:00+05:30,1,,active,2026-08-18T10:00:00+05:30
tmb_de5e6971,trp_aad6a7fa,usr_ae377360,viewer,2026-02-28T10:00:00+05:30,1,usr_3b70ae01,active,2026-08-18T10:00:00+05:30
tmb_53b94f7a,trp_a9612ee9,usr_61ab0eaf,owner,2026-03-09T10:00:00+05:30,1,,active,2026-08-18T10:00:00+05:30
tmb_6afd4cc8,trp_25a53353,usr_24e54a31,owner,2026-06-19T10:00:00+05:30,1,,active,2026-08-18T10:00:00+05:30
tmb_4483c265,trp_3c03178d,usr_f855344d,owner,2026-02-09T10:00:00+05:30,1,,active,2026-08-18T10:00:00+05:30
tmb_1c689ec4,trp_ffd35a10,usr_ca24d130,owner,2026-05-04T10:00:00+05:30,1,,active,2026-08-18T10:00:00+05:30
tmb_2030f163,trp_8804c5b5,usr_037c5821,owner,2026-06-14T10:00:00+05:30,1,,active,2026-08-18T10:00:00+05:30
tmb_1bc1249b,trp_8804c5b5,usr_ede8042e,editor,2026-04-07T10:00:00+05:30,0.5,usr_037c5821,active,2026-08-18T10:00:00+05:30
tmb_a29756d4,trp_8804c5b5,usr_8905ffa4,viewer,2026-04-10T10:00:00+05:30,1,usr_037c5821,active,2026-08-18T10:00:00+05:30
tmb_8df190fb,trp_8804c5b5,usr_cb3be250,editor,2026-04-07T10:00:00+05:30,1,usr_037c5821,active,2026-08-18T10:00:00+05:30
tmb_c58b0483,trp_8804c5b5,usr_01037e5c,viewer,2026-04-11T10:00:00+05:30,1,usr_037c5821,active,2026-08-18T10:00:00+05:30
tmb_44f899ae,trp_8804c5b5,usr_fd729274,viewer,2026-06-07T10:00:00+05:30,0.5,usr_037c5821,active,2026-08-18T10:00:00+05:30
tmb_1ecbe84e,trp_152be4e1,usr_c582abb2,owner,2026-04-08T10:00:00+05:30,1,,active,2026-08-18T10:00:00+05:30
tmb_c8773c2b,trp_152be4e1,usr_e1cd7b02,viewer,2026-05-15T10:00:00+05:30,2,usr_c582abb2,active,2026-08-18T10:00:00+05:30
tmb_86cd01d9,trp_b8ab5705,usr_492b38ba,owner,2026-04-14T10:00:00+05:30,1,,active,2026-08-18T10:00:00+05:30
tmb_498c72c0,trp_b8ab5705,usr_c7dcdd3d,viewer,2026-06-18T10:00:00+05:30,1,usr_492b38ba,active,2026-08-18T10:00:00+05:30
tmb_7baf0271,trp_b8ab5705,usr_5f22c672,editor,2026-02-28T10:00:00+05:30,2,usr_492b38ba,active,2026-08-18T10:00:00+05:30
tmb_c830b9d1,trp_b8ab5705,usr_3127972d,editor,2026-06-03T10:00:00+05:30,1,usr_492b38ba,active,2026-08-18T10:00:00+05:30
tmb_0c22b644,trp_b8ab5705,usr_ece2ab24,viewer,2026-07-02T10:00:00+05:30,1,usr_492b38ba,inactive,2026-08-18T10:00:00+05:30
tmb_0163d205,trp_2ee78a2e,usr_20594684,owner,2026-04-22T10:00:00+05:30,1,,active,2026-08-18T10:00:00+05:30
tmb_08fc2299,trp_c4c131cd,usr_f12ab863,owner,2026-03-11T10:00:00+05:30,1,,active,2026-08-18T10:00:00+05:30
tmb_6fdc46ef,trp_c4c131cd,usr_ce38459a,editor,2026-04-22T10:00:00+05:30,1,usr_f12ab863,active,2026-08-18T10:00:00+05:30
tmb_4f2bf19e,trp_c4c131cd,usr_35982416,editor,2026-07-01T10:00:00+05:30,2,usr_f12ab863,active,2026-08-18T10:00:00+05:30
tmb_8d064f98,trp_c4c131cd,usr_0b05ac58,editor,2026-07-13T10:00:00+05:30,1,usr_f12ab863,active,2026-08-18T10:00:00+05:30
tmb_894263b3,trp_c4c131cd,usr_1df4c157,viewer,2026-03-04T10:00:00+05:30,1,usr_f12ab863,active,2026-08-18T10:00:00+05:30
tmb_46ea3f07,trp_894ef822,usr_fedbd227,owner,2026-05-08T10:00:00+05:30,1,,active,2026-08-18T10:00:00+05:30
tmb_b8323788,trp_75c88e52,usr_2e562f89,owner,2026-05-03T10:00:00+05:30,1,,active,2026-08-18T10:00:00+05:30
tmb_6c51e059,trp_75c88e52,usr_0af476d1,editor,2026-08-09T10:00:00+05:30,1,usr_2e562f89,active,2026-08-18T10:00:00+05:30
tmb_1b93a35d,trp_81ba1051,usr_65303113,owner,2026-02-06T10:00:00+05:30,1,,active,2026-08-18T10:00:00+05:30
tmb_c70af0b7,trp_81ba1051,usr_a2df7150,viewer,2026-07-01T10:00:00+05:30,1,usr_65303113,active,2026-08-18T10:00:00+05:30
tmb_c1d0e5f0,trp_81ba1051,usr_5b790166,editor,2026-04-18T10:00:00+05:30,1,usr_65303113,active,2026-08-18T10:00:00+05:30
tmb_16af46ce,trp_357dbb6b,usr_72d88a70,owner,2026-02-09T10:00:00+05:30,1,,active,2026-08-18T10:00:00+05:30
tmb_61e294cf,trp_357dbb6b,usr_a6999f45,viewer,2026-08-03T10:00:00+05:30,1,usr_72d88a70,active,2026-08-18T10:00:00+05:30
tmb_d30f2ea9,trp_49911bd2,usr_1f670e21,owner,2026-03-30T10:00:00+05:30,1,,active,2026-08-18T10:00:00+05:30
tmb_3d846c4c,trp_47cb5f68,usr_b2323a23,owner,2026-04-19T10:00:00+05:30,1,,active,2026-08-18T10:00:00+05:30
tmb_16810982,trp_cdc63a8d,usr_5b31e64c,owner,2026-02-08T10:00:00+05:30,1,,active,2026-08-18T10:00:00+05:30
tmb_5cd96a7d,trp_bfc1339e,usr_8e84ba7a,owner,2026-03-11T10:00:00+05:30,1,,active,2026-08-18T10:00:00+05:30
tmb_fb7d4ab7,trp_bfc1339e,usr_5f1e6e1c,viewer,2026-05-19T10:00:00+05:30,0.5,usr_8e84ba7a,active,2026-08-18T10:00:00+05:30
tmb_c691d30e,trp_bfc1339e,usr_fedbd227,editor,2026-03-18T10:00:00+05:30,1,usr_8e84ba7a,active,2026-08-18T10:00:00+05:30
tmb_4a304b84,trp_bfc1339e,usr_65b43f7e,viewer,2026-04-03T10:00:00+05:30,1,usr_8e84ba7a,active,2026-08-18T10:00:00+05:30
tmb_aac69d98,trp_f861423a,usr_85c09ee4,owner,2026-04-13T10:00:00+05:30,1,,active,2026-08-18T10:00:00+05:30
tmb_abdda92c,trp_f861423a,usr_90afe18c,editor,2026-06-06T10:00:00+05:30,2,usr_85c09ee4,active,2026-08-18T10:00:00+05:30
tmb_f1027ca3,trp_f861423a,usr_e528f9b0,viewer,2026-03-10T10:00:00+05:30,0.5,usr_85c09ee4,active,2026-08-18T10:00:00+05:30
tmb_c2f27135,trp_5764aee3,usr_78513cd2,owner,2026-07-10T10:00:00+05:30,1,,active,2026-08-18T10:00:00+05:30
tmb_087127ad,trp_5764aee3,usr_9474016b,viewer,2026-08-02T10:00:00+05:30,2,usr_78513cd2,active,2026-08-18T10:00:00+05:30
tmb_054206ae,trp_5764aee3,usr_8d2c2759,viewer,2026-05-18T10:00:00+05:30,2,usr_78513cd2,inactive,2026-08-18T10:00:00+05:30
tmb_6b6b71de,trp_5764aee3,usr_1e3c81bb,viewer,2026-05-25T10:00:00+05:30,1,usr_78513cd2,active,2026-08-18T10:00:00+05:30
tmb_3bbd8ddd,trp_5764aee3,usr_05306731,editor,2026-07-15T10:00:00+05:30,1,usr_78513cd2,active,2026-08-18T10:00:00+05:30
tmb_23a071c9,trp_5764aee3,usr_29dfdea3,editor,2026-08-02T10:00:00+05:30,1,usr_78513cd2,active,2026-08-18T10:00:00+05:30
tmb_c87f4ddb,trp_493ac8fc,usr_540d307a,owner,2026-04-28T10:00:00+05:30,1,,active,2026-08-18T10:00:00+05:30
tmb_b5228f68,trp_493ac8fc,usr_f52d271a,viewer,2026-07-31T10:00:00+05:30,1,usr_540d307a,active,2026-08-18T10:00:00+05:30
tmb_66b62b7f,trp_493ac8fc,usr_a9e888d0,editor,2026-07-21T10:00:00+05:30,2,usr_540d307a,inactive,2026-08-18T10:00:00+05:30
tmb_a0f6f890,trp_603a2836,usr_b831f448,owner,2026-03-21T10:00:00+05:30,1,,active,2026-08-18T10:00:00+05:30
tmb_5d43ea96,trp_603a2836,usr_f353d290,viewer,2026-05-01T10:00:00+05:30,1,usr_b831f448,active,2026-08-18T10:00:00+05:30
tmb_9365a236,trp_603a2836,usr_fa3a9dd6,editor,2026-03-23T10:00:00+05:30,1,usr_b831f448,active,2026-08-18T10:00:00+05:30
tmb_cf95c774,trp_603a2836,usr_78afc45f,editor,2026-06-04T10:00:00+05:30,0.5,usr_b831f448,active,2026-08-18T10:00:00+05:30
tmb_d1b59a02,trp_603a2836,usr_f96768fc,editor,2026-07-01T10:00:00+05:30,2,usr_b831f448,active,2026-08-18T10:00:00+05:30
tmb_73711f18,trp_77b09e9a,usr_7a9bb1ad,owner,2026-04-17T10:00:00+05:30,1,,active,2026-08-18T10:00:00+05:30
tmb_c9d82061,trp_77b09e9a,usr_c010ce3c,editor,2026-06-24T10:00:00+05:30,1,usr_7a9bb1ad,active,2026-08-18T10:00:00+05:30
tmb_8d411f16,trp_77b09e9a,usr_373b76a9,viewer,2026-07-30T10:00:00+05:30,1,usr_7a9bb1ad,active,2026-08-18T10:00:00+05:30
tmb_2d732e4d,trp_77b09e9a,usr_20caee9e,editor,2026-04-20T10:00:00+05:30,2,usr_7a9bb1ad,active,2026-08-18T10:00:00+05:30
tmb_7782ba03,trp_77b09e9a,usr_9e33a102,editor,2026-04-21T10:00:00+05:30,1,usr_7a9bb1ad,inactive,2026-08-18T10:00:00+05:30
tmb_c54f492c,trp_11c9d5a3,usr_77e91c3a,owner,2026-06-30T10:00:00+05:30,1,,active,2026-08-18T10:00:00+05:30
tmb_6ddbd43e,trp_55e4cc10,usr_b829ab46,owner,2026-04-14T10:00:00+05:30,1,,active,2026-08-18T10:00:00+05:30
tmb_2c2afca0,trp_55e4cc10,usr_d1506bce,viewer,2026-06-04T10:00:00+05:30,2,usr_b829ab46,active,2026-08-18T10:00:00+05:30
tmb_09b81864,trp_55e4cc10,usr_3c3ae758,editor,2026-02-23T10:00:00+05:30,1,usr_b829ab46,active,2026-08-18T10:00:00+05:30
tmb_b9121a05,trp_55e4cc10,usr_de458aa5,viewer,2026-08-04T10:00:00+05:30,1,usr_b829ab46,active,2026-08-18T10:00:00+05:30
tmb_99ec58a0,trp_55e4cc10,usr_2e849b83,editor,2026-04-18T10:00:00+05:30,0.5,usr_b829ab46,active,2026-08-18T10:00:00+05:30
tmb_70f8d280,trp_55e4cc10,usr_e1d938d9,viewer,2026-07-18T10:00:00+05:30,2,usr_b829ab46,active,2026-08-18T10:00:00+05:30
tmb_8bca866b,trp_e4e09b00,usr_17b45921,owner,2026-02-17T10:00:00+05:30,1,,active,2026-08-18T10:00:00+05:30
tmb_906e06ef,trp_2dbec2dd,usr_e076a69d,owner,2026-04-23T10:00:00+05:30,1,,active,2026-08-18T10:00:00+05:30
tmb_b9956299,trp_a0a40e8a,usr_63d6db20,owner,2026-01-31T10:00:00+05:30,1,,active,2026-08-18T10:00:00+05:30
tmb_c13d9e37,trp_90e2fb40,usr_e572b881,owner,2026-07-18T10:00:00+05:30,1,,active,2026-08-18T10:00:00+05:30
tmb_61a2fdce,trp_cdf7d1fa,usr_8e84ba7a,owner,2026-05-07T10:00:00+05:30,1,,active,2026-08-18T10:00:00+05:30
tmb_5f6e6e69,trp_fd9a2525,usr_40edb5af,owner,2026-02-01T10:00:00+05:30,1,,active,2026-08-18T10:00:00+05:30
tmb_47b9f7f9,trp_fd9a2525,usr_5f22c672,viewer,2026-05-05T10:00:00+05:30,0.5,usr_40edb5af,active,2026-08-18T10:00:00+05:30
tmb_ee7fcfae,trp_0053b2f7,usr_cf744020,owner,2026-02-03T10:00:00+05:30,1,,active,2026-08-18T10:00:00+05:30
tmb_029d72d6,trp_e086bae2,usr_ef2f6a43,owner,2026-03-27T10:00:00+05:30,1,,active,2026-08-18T10:00:00+05:30
tmb_e39670f0,trp_e086bae2,usr_34e42e87,viewer,2026-08-13T10:00:00+05:30,0.5,usr_ef2f6a43,inactive,2026-08-18T10:00:00+05:30
tmb_b3a86dae,trp_e086bae2,usr_51247360,viewer,2026-05-13T10:00:00+05:30,2,usr_ef2f6a43,active,2026-08-18T10:00:00+05:30
tmb_75467aea,trp_e086bae2,usr_4d8f3b3a,viewer,2026-04-17T10:00:00+05:30,1,usr_ef2f6a43,active,2026-08-18T10:00:00+05:30
tmb_7924b4ee,trp_e086bae2,usr_fecd2601,editor,2026-07-12T10:00:00+05:30,2,usr_ef2f6a43,active,2026-08-18T10:00:00+05:30
tmb_ecd99153,trp_4a923b00,usr_ddfd9a4a,owner,2026-06-24T10:00:00+05:30,1,,active,2026-08-18T10:00:00+05:30
tmb_2f715716,trp_c1603110,usr_abeaa148,owner,2026-02-16T10:00:00+05:30,1,,active,2026-08-18T10:00:00+05:30
tmb_bdf5486c,trp_c1603110,usr_4cb26745,editor,2026-08-09T10:00:00+05:30,0.5,usr_abeaa148,active,2026-08-18T10:00:00+05:30
tmb_ef9f4291,trp_c1603110,usr_e10845c8,editor,2026-04-16T10:00:00+05:30,1,usr_abeaa148,inactive,2026-08-18T10:00:00+05:30
tmb_436fc27e,trp_c1603110,usr_de5d9e34,editor,2026-08-11T10:00:00+05:30,1,usr_abeaa148,active,2026-08-18T10:00:00+05:30
tmb_f682deec,trp_77e61eba,usr_633c636b,owner,2026-03-10T10:00:00+05:30,1,,active,2026-08-18T10:00:00+05:30
tmb_39495f78,trp_77e61eba,usr_a0980823,editor,2026-04-01T10:00:00+05:30,0.5,usr_633c636b,active,2026-08-18T10:00:00+05:30
tmb_1edd23bc,trp_77e61eba,usr_0b483652,viewer,2026-06-24T10:00:00+05:30,2,usr_633c636b,active,2026-08-18T10:00:00+05:30
tmb_5f9de7f5,trp_77e61eba,usr_44ef2e9c,viewer,2026-03-21T10:00:00+05:30,2,usr_633c636b,active,2026-08-18T10:00:00+05:30
tmb_89b9253f,trp_77e61eba,usr_f5ceb136,viewer,2026-02-28T10:00:00+05:30,1,usr_633c636b,active,2026-08-18T10:00:00+05:30
tmb_9c66098f,trp_77e61eba,usr_050830ac,editor,2026-06-21T10:00:00+05:30,1,usr_633c636b,active,2026-08-18T10:00:00+05:30
tmb_8f610847,trp_b367a36c,usr_6be041f5,owner,2026-03-31T10:00:00+05:30,1,,active,2026-08-18T10:00:00+05:30
tmb_73b1a6be,trp_f18e9739,usr_b10b6018,owner,2026-04-14T10:00:00+05:30,1,,active,2026-08-18T10:00:00+05:30
tmb_1b780dc2,trp_7945b3eb,usr_5f1e6e1c,owner,2026-03-15T10:00:00+05:30,1,,active,2026-08-18T10:00:00+05:30
tmb_3c840a01,trp_7945b3eb,usr_21525b93,editor,2026-06-06T10:00:00+05:30,0.5,usr_5f1e6e1c,active,2026-08-18T10:00:00+05:30
tmb_31c0b82e,trp_7945b3eb,usr_810e7b81,editor,2026-07-15T10:00:00+05:30,1,usr_5f1e6e1c,active,2026-08-18T10:00:00+05:30
tmb_087a9821,trp_7945b3eb,usr_437596b5,editor,2026-07-07T10:00:00+05:30,1,usr_5f1e6e1c,active,2026-08-18T10:00:00+05:30
tmb_d9e0bd32,trp_7945b3eb,usr_596ee95d,editor,2026-06-22T10:00:00+05:30,1,usr_5f1e6e1c,active,2026-08-18T10:00:00+05:30
tmb_b69fd6cb,trp_994bc238,usr_db178dbf,owner,2026-05-04T10:00:00+05:30,1,,active,2026-08-18T10:00:00+05:30
tmb_43bb417b,trp_994bc238,usr_adfa8422,editor,2026-08-10T10:00:00+05:30,1,usr_db178dbf,inactive,2026-08-18T10:00:00+05:30
tmb_8a81a64a,trp_994bc238,usr_7b03ee88,editor,2026-07-08T10:00:00+05:30,2,usr_db178dbf,active,2026-08-18T10:00:00+05:30
tmb_568c32e9,trp_4eec7794,usr_2de68d4f,owner,2026-05-24T10:00:00+05:30,1,,active,2026-08-18T10:00:00+05:30
tmb_56b5f14f,trp_4eec7794,usr_df88839b,editor,2026-05-02T10:00:00+05:30,0.5,usr_2de68d4f,active,2026-08-18T10:00:00+05:30
tmb_cd1b6792,trp_4eec7794,usr_580034a3,editor,2026-07-15T10:00:00+05:30,0.5,usr_2de68d4f,active,2026-08-18T10:00:00+05:30
tmb_c94e89d1,trp_4eec7794,usr_e6863416,editor,2026-06-19T10:00:00+05:30,0.5,usr_2de68d4f,active,2026-08-18T10:00:00+05:30
tmb_0731a560,trp_4eec7794,usr_7b4006b0,viewer,2026-07-05T10:00:00+05:30,2,usr_2de68d4f,active,2026-08-18T10:00:00+05:30
tmb_6a68d83a,trp_1aeefd3e,usr_d23b92e9,owner,2026-03-26T10:00:00+05:30,1,,active,2026-08-18T10:00:00+05:30
tmb_3f3c358a,trp_1aeefd3e,usr_ca6dc019,editor,2026-04-14T10:00:00+05:30,1,usr_d23b92e9,active,2026-08-18T10:00:00+05:30
tmb_e3c27817,trp_1aeefd3e,usr_55a04c8d,editor,2026-04-08T10:00:00+05:30,1,usr_d23b92e9,active,2026-08-18T10:00:00+05:30
tmb_8c9e0bac,trp_1aeefd3e,usr_b11d6d2c,viewer,2026-04-03T10:00:00+05:30,2,usr_d23b92e9,active,2026-08-18T10:00:00+05:30
tmb_9e35d19a,trp_1aeefd3e,usr_0c1ce238,viewer,2026-05-15T10:00:00+05:30,1,usr_d23b92e9,inactive,2026-08-18T10:00:00+05:30
tmb_c3dedf06,trp_1aeefd3e,usr_ce2e54f4,viewer,2026-05-28T10:00:00+05:30,1,usr_d23b92e9,active,2026-08-18T10:00:00+05:30
tmb_812d8602,trp_76c2a4af,usr_68f38693,owner,2026-03-01T10:00:00+05:30,1,,active,2026-08-18T10:00:00+05:30
tmb_28bd6a5e,trp_76c2a4af,usr_63d19d4c,editor,2026-03-28T10:00:00+05:30,1,usr_68f38693,active,2026-08-18T10:00:00+05:30
tmb_c0551b88,trp_76c2a4af,usr_f48b4353,editor,2026-07-15T10:00:00+05:30,2,usr_68f38693,active,2026-08-18T10:00:00+05:30
tmb_105b0e9e,trp_76c2a4af,usr_2136e1fa,editor,2026-06-01T10:00:00+05:30,1,usr_68f38693,active,2026-08-18T10:00:00+05:30
tmb_5d804d85,trp_afb42eab,usr_228f37bd,owner,2026-03-20T10:00:00+05:30,1,,active,2026-08-18T10:00:00+05:30
tmb_0968e1dd,trp_89eafa58,usr_d0571b95,owner,2026-03-07T10:00:00+05:30,1,,active,2026-08-18T10:00:00+05:30
tmb_c5a2610a,trp_5a3f0c25,usr_12f95c97,owner,2026-07-06T10:00:00+05:30,1,,active,2026-08-18T10:00:00+05:30
tmb_5ee14016,trp_77488f6d,usr_44ec53b5,owner,2026-03-07T10:00:00+05:30,1,,active,2026-08-18T10:00:00+05:30
tmb_6ba0a6b0,trp_77488f6d,usr_fcd9bdf6,editor,2026-02-22T10:00:00+05:30,1,usr_44ec53b5,active,2026-08-18T10:00:00+05:30
tmb_f96462af,trp_77488f6d,usr_62b3f8b8,viewer,2026-02-26T10:00:00+05:30,2,usr_44ec53b5,active,2026-08-18T10:00:00+05:30
tmb_4176a624,trp_9fc37785,usr_42202df5,owner,2026-05-17T10:00:00+05:30,1,,active,2026-08-18T10:00:00+05:30
tmb_9d8cf1d5,trp_22fafc52,usr_ddfa0cd0,owner,2026-07-03T10:00:00+05:30,1,,active,2026-08-18T10:00:00+05:30
tmb_f0acc7c0,trp_c2f959a5,usr_a531d952,owner,2026-02-13T10:00:00+05:30,1,,active,2026-08-18T10:00:00+05:30
tmb_21a93153,trp_c2f959a5,usr_fb725464,editor,2026-07-18T10:00:00+05:30,0.5,usr_a531d952,active,2026-08-18T10:00:00+05:30
tmb_03631a67,trp_c2f959a5,usr_b376fa1f,viewer,2026-05-11T10:00:00+05:30,2,usr_a531d952,active,2026-08-18T10:00:00+05:30
tmb_46dda3b2,trp_c2f959a5,usr_9d32306d,editor,2026-06-15T10:00:00+05:30,1,usr_a531d952,active,2026-08-18T10:00:00+05:30
tmb_d2de9e4f,trp_c2f959a5,usr_72d88a70,editor,2026-03-27T10:00:00+05:30,2,usr_a531d952,active,2026-08-18T10:00:00+05:30
tmb_dda9a839,trp_c2f959a5,usr_def3b524,viewer,2026-06-22T10:00:00+05:30,1,usr_a531d952,active,2026-08-18T10:00:00+05:30
tmb_4478a040,trp_0f1dfedf,usr_c426b4e1,owner,2026-04-20T10:00:00+05:30,1,,active,2026-08-18T10:00:00+05:30
tmb_f23c26a3,trp_5a52c165,usr_76c235d5,owner,2026-05-16T10:00:00+05:30,1,,active,2026-08-18T10:00:00+05:30
tmb_b41b5a17,trp_5a52c165,usr_af8b77c2,editor,2026-08-02T10:00:00+05:30,0.5,usr_76c235d5,active,2026-08-18T10:00:00+05:30
tmb_f3b1b756,trp_5a52c165,usr_96740172,editor,2026-03-25T10:00:00+05:30,1,usr_76c235d5,active,2026-08-18T10:00:00+05:30
tmb_38c70855,trp_5a52c165,usr_76046cf3,viewer,2026-03-11T10:00:00+05:30,1,usr_76c235d5,active,2026-08-18T10:00:00+05:30
tmb_e908712b,trp_32ae8bfe,usr_63d19d4c,owner,2026-07-01T10:00:00+05:30,1,,active,2026-08-18T10:00:00+05:30
tmb_0f416a44,trp_f80fc406,usr_424aaa79,owner,2026-03-10T10:00:00+05:30,1,,active,2026-08-18T10:00:00+05:30
tmb_56e1e85f,trp_44ecb435,usr_2109396c,owner,2026-07-07T10:00:00+05:30,1,,active,2026-08-18T10:00:00+05:30
tmb_b7af46e3,trp_53739538,usr_8eb4e3e7,owner,2026-06-30T10:00:00+05:30,1,,active,2026-08-18T10:00:00+05:30
tmb_0579c964,trp_53739538,usr_b86dd891,editor,2026-07-31T10:00:00+05:30,1,usr_8eb4e3e7,active,2026-08-18T10:00:00+05:30
tmb_ec51b9f8,trp_53739538,usr_dab475d1,viewer,2026-03-27T10:00:00+05:30,1,usr_8eb4e3e7,active,2026-08-18T10:00:00+05:30
tmb_161caf1a,trp_53739538,usr_60cacdee,editor,2026-05-26T10:00:00+05:30,1,usr_8eb4e3e7,active,2026-08-18T10:00:00+05:30
tmb_54617fc2,trp_53739538,usr_0551c67a,viewer,2026-05-03T10:00:00+05:30,1,usr_8eb4e3e7,active,2026-08-18T10:00:00+05:30
tmb_387a050b,trp_53739538,usr_6c5b2519,viewer,2026-04-25T10:00:00+05:30,1,usr_8eb4e3e7,active,2026-08-18T10:00:00+05:30
tmb_2793d8b2,trp_ecb6fa2a,usr_f50e2299,owner,2026-05-14T10:00:00+05:30,1,,active,2026-08-18T10:00:00+05:30
tmb_b218c380,trp_3178fc73,usr_546ab7b6,owner,2026-03-18T10:00:00+05:30,1,,active,2026-08-18T10:00:00+05:30
tmb_f499e943,trp_41efeeee,usr_d1506bce,owner,2026-02-06T10:00:00+05:30,1,,active,2026-08-18T10:00:00+05:30
tmb_ef68d216,trp_41efeeee,usr_9cb9eedc,editor,2026-06-30T10:00:00+05:30,1,usr_d1506bce,active,2026-08-18T10:00:00+05:30
tmb_79123c65,trp_41efeeee,usr_f4293e56,editor,2026-08-08T10:00:00+05:30,1,usr_d1506bce,active,2026-08-18T10:00:00+05:30
tmb_4f054f8e,trp_41efeeee,usr_66a4a013,editor,2026-06-08T10:00:00+05:30,0.5,usr_d1506bce,active,2026-08-18T10:00:00+05:30
tmb_367e26f0,trp_41efeeee,usr_78bee927,viewer,2026-02-22T10:00:00+05:30,2,usr_d1506bce,active,2026-08-18T10:00:00+05:30
tmb_c747b629,trp_41efeeee,usr_6b052f91,editor,2026-02-28T10:00:00+05:30,1,usr_d1506bce,active,2026-08-18T10:00:00+05:30
tmb_31b834e5,trp_c4b22e96,usr_5f1e6e1c,owner,2026-03-02T10:00:00+05:30,1,,active,2026-08-18T10:00:00+05:30
tmb_61230623,trp_f05ed67d,usr_6ec8f18d,owner,2026-02-16T10:00:00+05:30,1,,active,2026-08-18T10:00:00+05:30
tmb_b87aea07,trp_ab02433c,usr_464e9998,owner,2026-06-01T10:00:00+05:30,1,,active,2026-08-18T10:00:00+05:30
tmb_6643bb58,trp_ab02433c,usr_356f993d,editor,2026-04-14T10:00:00+05:30,1,usr_464e9998,active,2026-08-18T10:00:00+05:30
tmb_887e756a,trp_ab02433c,usr_00591571,editor,2026-07-04T10:00:00+05:30,1,usr_464e9998,active,2026-08-18T10:00:00+05:30
tmb_ac63dd02,trp_ab02433c,usr_bc67142c,editor,2026-07-16T10:00:00+05:30,1,usr_464e9998,active,2026-08-18T10:00:00+05:30
tmb_c29227c2,trp_ab02433c,usr_ca0410cb,editor,2026-04-11T10:00:00+05:30,2,usr_464e9998,active,2026-08-18T10:00:00+05:30
tmb_579205e4,trp_92b064f2,usr_c659e4bf,owner,2026-03-29T10:00:00+05:30,1,,active,2026-08-18T10:00:00+05:30
tmb_26995962,trp_78241f22,usr_e5b92b52,owner,2026-04-15T10:00:00+05:30,1,,active,2026-08-18T10:00:00+05:30
tmb_cb75f36f,trp_78241f22,usr_c535ee88,editor,2026-05-11T10:00:00+05:30,1,usr_e5b92b52,active,2026-08-18T10:00:00+05:30
tmb_4abf6c6d,trp_84855866,usr_9473419d,owner,2026-03-22T10:00:00+05:30,1,,active,2026-08-18T10:00:00+05:30
tmb_73562f36,trp_84855866,usr_56e18e71,editor,2026-04-19T10:00:00+05:30,1,usr_9473419d,inactive,2026-08-18T10:00:00+05:30
tmb_cccc7c86,trp_84855866,usr_5a747250,editor,2026-08-09T10:00:00+05:30,1,usr_9473419d,active,2026-08-18T10:00:00+05:30
tmb_09de408f,trp_84855866,usr_52257a0a,editor,2026-07-11T10:00:00+05:30,2,usr_9473419d,active,2026-08-18T10:00:00+05:30
tmb_9718871e,trp_84855866,usr_0b0894aa,viewer,2026-07-25T10:00:00+05:30,2,usr_9473419d,active,2026-08-18T10:00:00+05:30
tmb_e80cce6f,trp_7844b321,usr_2b11a6c9,owner,2026-06-24T10:00:00+05:30,1,,active,2026-08-18T10:00:00+05:30
tmb_085cc2ca,trp_c1e34627,usr_05d0be25,owner,2026-03-04T10:00:00+05:30,1,,active,2026-08-18T10:00:00+05:30
tmb_7ce9abd6,trp_74917bfb,usr_d56927f7,owner,2026-07-09T10:00:00+05:30,1,,active,2026-08-18T10:00:00+05:30
tmb_fa3f8e59,trp_53200b9d,usr_81ed406f,owner,2026-05-26T10:00:00+05:30,1,,active,2026-08-18T10:00:00+05:30
tmb_5950e836,trp_53200b9d,usr_bff7bdb8,viewer,2026-02-24T10:00:00+05:30,0.5,usr_81ed406f,active,2026-08-18T10:00:00+05:30
tmb_d63ba9ca,trp_53200b9d,usr_a685483e,editor,2026-05-05T10:00:00+05:30,1,usr_81ed406f,active,2026-08-18T10:00:00+05:30
tmb_4d06ef60,trp_53200b9d,usr_c9451968,editor,2026-04-14T10:00:00+05:30,1,usr_81ed406f,active,2026-08-18T10:00:00+05:30
tmb_132fd8bb,trp_69a5e32d,usr_96a8d3c5,owner,2026-07-12T10:00:00+05:30,1,,active,2026-08-18T10:00:00+05:30
tmb_4fb6fd3a,trp_69a5e32d,usr_22e61dad,editor,2026-07-25T10:00:00+05:30,2,usr_96a8d3c5,active,2026-08-18T10:00:00+05:30
tmb_0930f2d0,trp_69a5e32d,usr_a386ca28,viewer,2026-05-25T10:00:00+05:30,0.5,usr_96a8d3c5,active,2026-08-18T10:00:00+05:30
tmb_ce6b2f94,trp_69a5e32d,usr_a4ca5f2e,viewer,2026-07-21T10:00:00+05:30,1,usr_96a8d3c5,active,2026-08-18T10:00:00+05:30
tmb_85f846ff,trp_69a5e32d,usr_def0c99e,editor,2026-05-04T10:00:00+05:30,2,usr_96a8d3c5,active,2026-08-18T10:00:00+05:30
tmb_334f4127,trp_69a5e32d,usr_7e72b295,editor,2026-07-24T10:00:00+05:30,2,usr_96a8d3c5,active,2026-08-18T10:00:00+05:30
tmb_84fb2d50,trp_ef522093,usr_ae648c19,owner,2026-02-12T10:00:00+05:30,1,,active,2026-08-18T10:00:00+05:30
tmb_f7351723,trp_ef522093,usr_b8d03703,editor,2026-04-27T10:00:00+05:30,2,usr_ae648c19,active,2026-08-18T10:00:00+05:30
tmb_a8ab8a63,trp_ef522093,usr_fcd9bdf6,editor,2026-05-01T10:00:00+05:30,0.5,usr_ae648c19,inactive,2026-08-18T10:00:00+05:30
tmb_a1f9236e,trp_ef522093,usr_13fe39d3,editor,2026-03-13T10:00:00+05:30,1,usr_ae648c19,active,2026-08-18T10:00:00+05:30
tmb_1556c48b,trp_ef522093,usr_840ca16a,editor,2026-06-07T10:00:00+05:30,0.5,usr_ae648c19,active,2026-08-18T10:00:00+05:30
tmb_cb2a933e,trp_627dd5f6,usr_ce38459a,owner,2026-03-24T10:00:00+05:30,1,,active,2026-08-18T10:00:00+05:30
tmb_6300a774,trp_f9bdd86b,usr_7ad82b11,owner,2026-05-07T10:00:00+05:30,1,,active,2026-08-18T10:00:00+05:30
tmb_76cd6ee6,trp_09f90a77,usr_07f03d4c,owner,2026-07-14T10:00:00+05:30,1,,active,2026-08-18T10:00:00+05:30
tmb_ea723fce,trp_09f90a77,usr_6e6d6fef,editor,2026-06-10T10:00:00+05:30,1,usr_07f03d4c,active,2026-08-18T10:00:00+05:30
tmb_a780d78e,trp_ff8e9fec,usr_a386ca28,owner,2026-04-01T10:00:00+05:30,1,,active,2026-08-18T10:00:00+05:30
tmb_9d3786ab,trp_d6b492f9,usr_0389057b,owner,2026-03-11T10:00:00+05:30,1,,active,2026-08-18T10:00:00+05:30
tmb_f67aaa2c,trp_962e90a6,usr_96740172,owner,2026-06-18T10:00:00+05:30,1,,active,2026-08-18T10:00:00+05:30
tmb_8f4c1e02,trp_962e90a6,usr_ab2353de,editor,2026-06-26T10:00:00+05:30,1,usr_96740172,inactive,2026-08-18T10:00:00+05:30
tmb_c328502e,trp_25a980cf,usr_2da5bb04,owner,2026-04-17T10:00:00+05:30,1,,active,2026-08-18T10:00:00+05:30
tmb_96e44991,trp_25a980cf,usr_2b053270,editor,2026-05-15T10:00:00+05:30,1,usr_2da5bb04,active,2026-08-18T10:00:00+05:30
tmb_1df91ad5,trp_c403d6fa,usr_ce9ee3ae,owner,2026-06-16T10:00:00+05:30,1,,active,2026-08-18T10:00:00+05:30
tmb_75446542,trp_e427f350,usr_51294c66,owner,2026-04-15T10:00:00+05:30,1,,active,2026-08-18T10:00:00+05:30
tmb_de6751d2,trp_e8b8c651,usr_4efab0b7,owner,2026-05-11T10:00:00+05:30,1,,active,2026-08-18T10:00:00+05:30
tmb_ac6b5ee5,trp_e8b8c651,usr_a3f4f2d9,viewer,2026-03-02T10:00:00+05:30,1,usr_4efab0b7,active,2026-08-18T10:00:00+05:30
tmb_eb251d97,trp_e8b8c651,usr_02d5e350,viewer,2026-04-16T10:00:00+05:30,1,usr_4efab0b7,active,2026-08-18T10:00:00+05:30
tmb_f6414923,trp_e8b8c651,usr_225fd2f9,viewer,2026-04-29T10:00:00+05:30,0.5,usr_4efab0b7,active,2026-08-18T10:00:00+05:30
tmb_10577303,trp_e8b8c651,usr_9c898903,editor,2026-02-27T10:00:00+05:30,2,usr_4efab0b7,active,2026-08-18T10:00:00+05:30
tmb_8bbf1673,trp_8e6dec68,usr_22d1a7e5,owner,2026-02-22T10:00:00+05:30,1,,active,2026-08-18T10:00:00+05:30
tmb_de0d95eb,trp_8e6dec68,usr_c61e810b,viewer,2026-05-18T10:00:00+05:30,2,usr_22d1a7e5,active,2026-08-18T10:00:00+05:30
tmb_f598cad3,trp_8e6dec68,usr_98a69060,editor,2026-03-03T10:00:00+05:30,1,usr_22d1a7e5,active,2026-08-18T10:00:00+05:30
tmb_b9f674f2,trp_ad48f44b,usr_ea269383,owner,2026-04-17T10:00:00+05:30,1,,active,2026-08-18T10:00:00+05:30
tmb_01128dad,trp_ad48f44b,usr_dc032205,editor,2026-08-04T10:00:00+05:30,1,usr_ea269383,active,2026-08-18T10:00:00+05:30
tmb_30b75d1f,trp_ad48f44b,usr_7576a6e0,editor,2026-06-16T10:00:00+05:30,0.5,usr_ea269383,active,2026-08-18T10:00:00+05:30
tmb_5cb8846a,trp_ad48f44b,usr_72818c78,editor,2026-04-06T10:00:00+05:30,1,usr_ea269383,active,2026-08-18T10:00:00+05:30
tmb_b1098cf3,trp_ad48f44b,usr_ce38459a,viewer,2026-04-03T10:00:00+05:30,1,usr_ea269383,active,2026-08-18T10:00:00+05:30
tmb_019d0f11,trp_43e313f5,usr_e0853a17,owner,2026-06-18T10:00:00+05:30,1,,active,2026-08-18T10:00:00+05:30
tmb_214f9b8a,trp_43e313f5,usr_e5b92b52,viewer,2026-06-26T10:00:00+05:30,0.5,usr_e0853a17,active,2026-08-18T10:00:00+05:30
tmb_72d3b3f8,trp_43e313f5,usr_71852a92,editor,2026-02-20T10:00:00+05:30,1,usr_e0853a17,inactive,2026-08-18T10:00:00+05:30
tmb_bd3b1cef,trp_43e313f5,usr_c75aefa2,editor,2026-03-21T10:00:00+05:30,2,usr_e0853a17,active,2026-08-18T10:00:00+05:30
tmb_8e712720,trp_49772eb7,usr_b4a877b0,owner,2026-07-18T10:00:00+05:30,1,,active,2026-08-18T10:00:00+05:30
tmb_128fd448,trp_d647222e,usr_42a441dc,owner,2026-02-02T10:00:00+05:30,1,,active,2026-08-18T10:00:00+05:30
tmb_91f2914e,trp_d647222e,usr_399971ee,editor,2026-03-27T10:00:00+05:30,1,usr_42a441dc,active,2026-08-18T10:00:00+05:30
tmb_d769a4cb,trp_d647222e,usr_b5327682,editor,2026-02-24T10:00:00+05:30,1,usr_42a441dc,active,2026-08-18T10:00:00+05:30
tmb_2cb3ae99,trp_d647222e,usr_ce11983a,viewer,2026-07-05T10:00:00+05:30,0.5,usr_42a441dc,active,2026-08-18T10:00:00+05:30
tmb_9f7beffc,trp_7013467c,usr_5bbebfef,owner,2026-02-06T10:00:00+05:30,1,,active,2026-08-18T10:00:00+05:30
tmb_f7f6ac3e,trp_631ad6a9,usr_196ca537,owner,2026-05-29T10:00:00+05:30,1,,active,2026-08-18T10:00:00+05:30
tmb_ebc42ec0,trp_bab07b17,usr_b6d5d98c,owner,2026-04-01T10:00:00+05:30,1,,active,2026-08-18T10:00:00+05:30
tmb_2692b7c7,trp_e11af79e,usr_3d56531d,owner,2026-06-28T10:00:00+05:30,1,,active,2026-08-18T10:00:00+05:30
tmb_471c963f,trp_e11af79e,usr_29dfdea3,viewer,2026-06-06T10:00:00+05:30,2,usr_3d56531d,active,2026-08-18T10:00:00+05:30
tmb_ad040aec,trp_c67254e9,usr_3f50fbcb,owner,2026-04-08T10:00:00+05:30,1,,active,2026-08-18T10:00:00+05:30
tmb_ca419621,trp_c67254e9,usr_0e5a0620,editor,2026-03-10T10:00:00+05:30,0.5,usr_3f50fbcb,active,2026-08-18T10:00:00+05:30
tmb_000947ea,trp_b7a82392,usr_4022bd9b,owner,2026-05-29T10:00:00+05:30,1,,active,2026-08-18T10:00:00+05:30
tmb_3f225aed,trp_b7a82392,usr_a0588479,editor,2026-07-10T10:00:00+05:30,1,usr_4022bd9b,active,2026-08-18T10:00:00+05:30
tmb_67266898,trp_12e18a88,usr_ee03ca6c,owner,2026-02-12T10:00:00+05:30,1,,active,2026-08-18T10:00:00+05:30
tmb_df929480,trp_12e18a88,usr_506012f1,editor,2026-07-22T10:00:00+05:30,2,usr_ee03ca6c,active,2026-08-18T10:00:00+05:30
tmb_33012005,trp_12e18a88,usr_f23dc3eb,editor,2026-03-19T10:00:00+05:30,1,usr_ee03ca6c,active,2026-08-18T10:00:00+05:30
tmb_76aa7ffc,trp_12e18a88,usr_bc4a9809,editor,2026-05-02T10:00:00+05:30,1,usr_ee03ca6c,active,2026-08-18T10:00:00+05:30
tmb_a51a1071,trp_43aa1b9f,usr_1cfaf7a0,owner,2026-07-06T10:00:00+05:30,1,,active,2026-08-18T10:00:00+05:30
tmb_070f11f0,trp_7156f558,usr_2433031a,owner,2026-03-26T10:00:00+05:30,1,,active,2026-08-18T10:00:00+05:30
tmb_3d111e8e,trp_7156f558,usr_508f15f0,editor,2026-06-05T10:00:00+05:30,0.5,usr_2433031a,inactive,2026-08-18T10:00:00+05:30
tmb_bbefdaa5,trp_bca7f130,usr_bc9d20fa,owner,2026-02-25T10:00:00+05:30,1,,active,2026-08-18T10:00:00+05:30
tmb_17ce0c83,trp_8580f983,usr_e3b9431c,owner,2026-02-12T10:00:00+05:30,1,,active,2026-08-18T10:00:00+05:30
tmb_b344be36,trp_37519e08,usr_16017e92,owner,2026-04-26T10:00:00+05:30,1,,active,2026-08-18T10:00:00+05:30
tmb_15c3fa2b,trp_cb0bf61d,usr_c538bbe8,owner,2026-05-20T10:00:00+05:30,1,,active,2026-08-18T10:00:00+05:30
tmb_3c84185e,trp_fdbf106b,usr_7a1346e6,owner,2026-05-04T10:00:00+05:30,1,,active,2026-08-18T10:00:00+05:30
tmb_b52b3b12,trp_fdbf106b,usr_1f3d6d92,editor,2026-06-16T10:00:00+05:30,0.5,usr_7a1346e6,active,2026-08-18T10:00:00+05:30
tmb_00e4d3a8,trp_fdbf106b,usr_3ee2992a,viewer,2026-04-23T10:00:00+05:30,2,usr_7a1346e6,active,2026-08-18T10:00:00+05:30
tmb_406039af,trp_fdbf106b,usr_abb36fee,viewer,2026-07-31T10:00:00+05:30,2,usr_7a1346e6,active,2026-08-18T10:00:00+05:30
tmb_5bc0df01,trp_098ba70a,usr_4e65d08a,owner,2026-07-11T10:00:00+05:30,1,,active,2026-08-18T10:00:00+05:30
tmb_8f771b1f,trp_098ba70a,usr_e459a18c,viewer,2026-04-06T10:00:00+05:30,2,usr_4e65d08a,active,2026-08-18T10:00:00+05:30
tmb_2239ce89,trp_098ba70a,usr_633c636b,editor,2026-04-24T10:00:00+05:30,1,usr_4e65d08a,active,2026-08-18T10:00:00+05:30
tmb_a6bd8856,trp_7a5e7bd8,usr_e94f06ca,owner,2026-06-20T10:00:00+05:30,1,,active,2026-08-18T10:00:00+05:30
tmb_ddb8864e,trp_8f860be9,usr_81cc2de0,owner,2026-05-25T10:00:00+05:30,1,,active,2026-08-18T10:00:00+05:30
tmb_5dfee5a6,trp_cc0bc071,usr_c582abb2,owner,2026-04-14T10:00:00+05:30,1,,active,2026-08-18T10:00:00+05:30
tmb_7551b5ea,trp_cc0bc071,usr_5e9a11a1,editor,2026-06-25T10:00:00+05:30,1,usr_c582abb2,active,2026-08-18T10:00:00+05:30
tmb_3a179baf,trp_cc0bc071,usr_172e9767,editor,2026-03-24T10:00:00+05:30,1,usr_c582abb2,active,2026-08-18T10:00:00+05:30
tmb_994e102a,trp_cc0bc071,usr_9181bfe3,viewer,2026-06-08T10:00:00+05:30,1,usr_c582abb2,active,2026-08-18T10:00:00+05:30
tmb_bd59499a,trp_cc0bc071,usr_2fca7c46,viewer,2026-03-08T10:00:00+05:30,2,usr_c582abb2,active,2026-08-18T10:00:00+05:30
tmb_33ceabe5,trp_cc0bc071,usr_12ad5ebd,viewer,2026-06-08T10:00:00+05:30,1,usr_c582abb2,active,2026-08-18T10:00:00+05:30
tmb_505a4a3d,trp_e0e73f4f,usr_651a4d17,owner,2026-05-28T10:00:00+05:30,1,,active,2026-08-18T10:00:00+05:30
tmb_725c74d6,trp_e0e73f4f,usr_62a77a41,editor,2026-07-08T10:00:00+05:30,1,usr_651a4d17,active,2026-08-18T10:00:00+05:30
tmb_5227ad3f,trp_c675b49c,usr_02b3a36d,owner,2026-02-10T10:00:00+05:30,1,,active,2026-08-18T10:00:00+05:30
tmb_bfec5531,trp_c675b49c,usr_d73f4c7f,editor,2026-07-03T10:00:00+05:30,2,usr_02b3a36d,active,2026-08-18T10:00:00+05:30
tmb_7796dea7,trp_c675b49c,usr_14c738e0,viewer,2026-05-26T10:00:00+05:30,1,usr_02b3a36d,active,2026-08-18T10:00:00+05:30
tmb_e3bc7378,trp_c675b49c,usr_ee57ec9a,editor,2026-06-24T10:00:00+05:30,0.5,usr_02b3a36d,active,2026-08-18T10:00:00+05:30
tmb_1ee0cf8b,trp_c675b49c,usr_49544c26,editor,2026-04-17T10:00:00+05:30,1,usr_02b3a36d,active,2026-08-18T10:00:00+05:30
tmb_4e04319f,trp_14bf5f65,usr_65303113,owner,2026-05-27T10:00:00+05:30,1,,active,2026-08-18T10:00:00+05:30
tmb_e3b89d86,trp_0d9ed6f6,usr_525b1d3c,owner,2026-04-04T10:00:00+05:30,1,,active,2026-08-18T10:00:00+05:30
tmb_56965a53,trp_01716435,usr_17bacb4e,owner,2026-02-01T10:00:00+05:30,1,,active,2026-08-18T10:00:00+05:30
tmb_a0b0563b,trp_01716435,usr_3b70ae01,editor,2026-03-26T10:00:00+05:30,1,usr_17bacb4e,active,2026-08-18T10:00:00+05:30
tmb_a6aebb42,trp_01716435,usr_5e4aa2d9,editor,2026-08-09T10:00:00+05:30,1,usr_17bacb4e,active,2026-08-18T10:00:00+05:30
tmb_a64e2fdf,trp_01716435,usr_c4dc3602,viewer,2026-03-22T10:00:00+05:30,1,usr_17bacb4e,active,2026-08-18T10:00:00+05:30
tmb_9ba58aa1,trp_8a12a715,usr_3349b18a,owner,2026-02-02T10:00:00+05:30,1,,active,2026-08-18T10:00:00+05:30
tmb_e3f17c81,trp_8a12a715,usr_76c235d5,editor,2026-05-19T10:00:00+05:30,1,usr_3349b18a,active,2026-08-18T10:00:00+05:30
tmb_11d68e5c,trp_8a12a715,usr_0a7c6097,viewer,2026-06-19T10:00:00+05:30,2,usr_3349b18a,active,2026-08-18T10:00:00+05:30
tmb_612eb2dc,trp_8a12a715,usr_55a04c8d,viewer,2026-03-17T10:00:00+05:30,1,usr_3349b18a,active,2026-08-18T10:00:00+05:30
tmb_84a2821f,trp_8a12a715,usr_64eaee79,editor,2026-07-27T10:00:00+05:30,2,usr_3349b18a,active,2026-08-18T10:00:00+05:30
tmb_860f6cdb,trp_8a12a715,usr_b27d9336,editor,2026-07-16T10:00:00+05:30,1,usr_3349b18a,active,2026-08-18T10:00:00+05:30
tmb_b60aa368,trp_eda7ae24,usr_bedf358a,owner,2026-02-28T10:00:00+05:30,1,,active,2026-08-18T10:00:00+05:30
tmb_169a2118,trp_eda7ae24,usr_a386ca28,editor,2026-07-21T10:00:00+05:30,2,usr_bedf358a,active,2026-08-18T10:00:00+05:30
tmb_a3314418,trp_b61bda4b,usr_7f6e49de,owner,2026-05-01T10:00:00+05:30,1,,active,2026-08-18T10:00:00+05:30
tmb_2adceb51,trp_d8f6113f,usr_a3f4f2d9,owner,2026-02-25T10:00:00+05:30,1,,active,2026-08-18T10:00:00+05:30
tmb_68d617a9,trp_b4864e6f,usr_c221a5aa,owner,2026-06-14T10:00:00+05:30,1,,active,2026-08-18T10:00:00+05:30
tmb_952624e7,trp_b4864e6f,usr_d5cd5550,editor,2026-05-04T10:00:00+05:30,0.5,usr_c221a5aa,active,2026-08-18T10:00:00+05:30
tmb_eea4b948,trp_b4864e6f,usr_eba38ad5,viewer,2026-07-01T10:00:00+05:30,0.5,usr_c221a5aa,active,2026-08-18T10:00:00+05:30
tmb_c5d31491,trp_b4864e6f,usr_865c98a2,editor,2026-06-27T10:00:00+05:30,1,usr_c221a5aa,active,2026-08-18T10:00:00+05:30
tmb_98fc331e,trp_0f181044,usr_6303c026,owner,2026-03-14T10:00:00+05:30,1,,active,2026-08-18T10:00:00+05:30
tmb_807f3b06,trp_90f6480d,usr_a7185e16,owner,2026-04-14T10:00:00+05:30,1,,active,2026-08-18T10:00:00+05:30
tmb_99461d13,trp_be2b6219,usr_1b4fe68e,owner,2026-04-01T10:00:00+05:30,1,,active,2026-08-18T10:00:00+05:30
tmb_4dc2f11a,trp_1ceb9811,usr_6e6d6fef,owner,2026-06-22T10:00:00+05:30,1,,active,2026-08-18T10:00:00+05:30
tmb_d9a06d49,trp_1ceb9811,usr_04abf061,editor,2026-07-05T10:00:00+05:30,1,usr_6e6d6fef,active,2026-08-18T10:00:00+05:30
tmb_a074e176,trp_1ceb9811,usr_265423cc,editor,2026-04-29T10:00:00+05:30,0.5,usr_6e6d6fef,active,2026-08-18T10:00:00+05:30
tmb_8635ee29,trp_1ceb9811,usr_fa851b11,viewer,2026-04-06T10:00:00+05:30,2,usr_6e6d6fef,active,2026-08-18T10:00:00+05:30
tmb_53ad1998,trp_1ceb9811,usr_5bfe40e4,viewer,2026-05-24T10:00:00+05:30,1,usr_6e6d6fef,active,2026-08-18T10:00:00+05:30
tmb_de45a066,trp_1ceb9811,usr_2881e5be,editor,2026-04-02T10:00:00+05:30,1,usr_6e6d6fef,active,2026-08-18T10:00:00+05:30
tmb_14db3236,trp_856b6452,usr_5c4f42ed,owner,2026-03-17T10:00:00+05:30,1,,active,2026-08-18T10:00:00+05:30
tmb_ca0eac61,trp_32bc8fa5,usr_95492664,owner,2026-02-23T10:00:00+05:30,1,,active,2026-08-18T10:00:00+05:30
tmb_f6a9a347,trp_32bc8fa5,usr_cdc31bd3,editor,2026-04-07T10:00:00+05:30,1,usr_95492664,active,2026-08-18T10:00:00+05:30
tmb_12e79f9c,trp_32bc8fa5,usr_8ed02105,editor,2026-05-26T10:00:00+05:30,1,usr_95492664,active,2026-08-18T10:00:00+05:30
tmb_cecf5b45,trp_32bc8fa5,usr_aa216995,viewer,2026-07-01T10:00:00+05:30,2,usr_95492664,active,2026-08-18T10:00:00+05:30
tmb_3447ac46,trp_32bc8fa5,usr_98a69060,editor,2026-05-09T10:00:00+05:30,1,usr_95492664,active,2026-08-18T10:00:00+05:30
tmb_af4bed47,trp_32bc8fa5,usr_5bbebfef,viewer,2026-07-26T10:00:00+05:30,1,usr_95492664,inactive,2026-08-18T10:00:00+05:30
tmb_daaf9791,trp_0e4ac002,usr_54e4f5fd,owner,2026-07-10T10:00:00+05:30,1,,active,2026-08-18T10:00:00+05:30
tmb_d3563ab9,trp_d6cd4f40,usr_ad8b46f0,owner,2026-02-13T10:00:00+05:30,1,,active,2026-08-18T10:00:00+05:30
tmb_c47f8d96,trp_d5063ed0,usr_6361ffdd,owner,2026-05-12T10:00:00+05:30,1,,active,2026-08-18T10:00:00+05:30
tmb_f8699a62,trp_d5063ed0,usr_8b3ba681,editor,2026-05-26T10:00:00+05:30,1,usr_6361ffdd,active,2026-08-18T10:00:00+05:30
tmb_47b6805a,trp_1dd09ed0,usr_fedbd227,owner,2026-05-30T10:00:00+05:30,1,,active,2026-08-18T10:00:00+05:30
tmb_1833990c,trp_ed8dc5fe,usr_efe9a3aa,owner,2026-03-26T10:00:00+05:30,1,,active,2026-08-18T10:00:00+05:30
tmb_6f09464c,trp_20b372f1,usr_6e3b5c10,owner,2026-05-29T10:00:00+05:30,1,,active,2026-08-18T10:00:00+05:30
tmb_b770bb5e,trp_1002157a,usr_6a108f4e,owner,2026-06-08T10:00:00+05:30,1,,active,2026-08-18T10:00:00+05:30
tmb_08f9f20a,trp_1002157a,usr_50bcfb30,editor,2026-06-07T10:00:00+05:30,1,usr_6a108f4e,active,2026-08-18T10:00:00+05:30
tmb_b0785c89,trp_1002157a,usr_810e7b81,viewer,2026-04-09T10:00:00+05:30,1,usr_6a108f4e,active,2026-08-18T10:00:00+05:30
tmb_6392f58c,trp_aa8d192e,usr_2de68d4f,owner,2026-03-19T10:00:00+05:30,1,,active,2026-08-18T10:00:00+05:30
tmb_1dea311f,trp_aa8d192e,usr_bedf358a,viewer,2026-06-06T10:00:00+05:30,1,usr_2de68d4f,inactive,2026-08-18T10:00:00+05:30
tmb_f6db68ae,trp_aa8d192e,usr_4caa1cc0,viewer,2026-03-07T10:00:00+05:30,1,usr_2de68d4f,active,2026-08-18T10:00:00+05:30
tmb_a4d9d2ae,trp_b355e443,usr_22e61dad,owner,2026-04-28T10:00:00+05:30,1,,active,2026-08-18T10:00:00+05:30
tmb_a8c8f662,trp_b355e443,usr_acbd09a0,editor,2026-03-17T10:00:00+05:30,1,usr_22e61dad,active,2026-08-18T10:00:00+05:30
tmb_f61ebe9e,trp_b355e443,usr_48f9bd76,editor,2026-07-17T10:00:00+05:30,0.5,usr_22e61dad,active,2026-08-18T10:00:00+05:30
tmb_092beedd,trp_d128a566,usr_e1d938d9,owner,2026-06-03T10:00:00+05:30,1,,active,2026-08-18T10:00:00+05:30
tmb_93f0c5db,trp_e72a3a42,usr_8a133f67,owner,2026-02-21T10:00:00+05:30,1,,active,2026-08-18T10:00:00+05:30
tmb_9e6c3a12,trp_11c3f9e5,usr_afacd025,owner,2026-05-13T10:00:00+05:30,1,,active,2026-08-18T10:00:00+05:30
tmb_5c3813ce,trp_44abe323,usr_21700d8e,owner,2026-03-17T10:00:00+05:30,1,,active,2026-08-18T10:00:00+05:30
tmb_61d1ff27,trp_44abe323,usr_e60873aa,editor,2026-04-28T10:00:00+05:30,1,usr_21700d8e,active,2026-08-18T10:00:00+05:30
tmb_46edac36,trp_44abe323,usr_3134253d,editor,2026-05-27T10:00:00+05:30,0.5,usr_21700d8e,active,2026-08-18T10:00:00+05:30
tmb_2a90b0c3,trp_9af6e7d4,usr_e7b2dd09,owner,2026-07-08T10:00:00+05:30,1,,active,2026-08-18T10:00:00+05:30
tmb_1f6115ab,trp_90548bc9,usr_dbcf6091,owner,2026-05-05T10:00:00+05:30,1,,active,2026-08-18T10:00:00+05:30
tmb_bb185444,trp_90548bc9,usr_fae4d064,editor,2026-03-06T10:00:00+05:30,1,usr_dbcf6091,active,2026-08-18T10:00:00+05:30
tmb_57881c93,trp_90548bc9,usr_f23dc3eb,editor,2026-04-04T10:00:00+05:30,1,usr_dbcf6091,active,2026-08-18T10:00:00+05:30
tmb_12541f9b,trp_90548bc9,usr_a2b35cea,editor,2026-03-11T10:00:00+05:30,0.5,usr_dbcf6091,active,2026-08-18T10:00:00+05:30
tmb_2c178142,trp_90548bc9,usr_5d83e59a,editor,2026-08-04T10:00:00+05:30,1,usr_dbcf6091,active,2026-08-18T10:00:00+05:30
tmb_c5ee2072,trp_3e0e98ed,usr_cf6d7fc2,owner,2026-03-15T10:00:00+05:30,1,,active,2026-08-18T10:00:00+05:30
tmb_8fafe8de,trp_3e0e98ed,usr_fbf7ac58,editor,2026-08-13T10:00:00+05:30,0.5,usr_cf6d7fc2,active,2026-08-18T10:00:00+05:30
tmb_66008724,trp_706fdf80,usr_fcd9bdf6,owner,2026-02-05T10:00:00+05:30,1,,active,2026-08-18T10:00:00+05:30
tmb_1c0a3891,trp_706fdf80,usr_78513cd2,viewer,2026-06-14T10:00:00+05:30,1,usr_fcd9bdf6,active,2026-08-18T10:00:00+05:30
tmb_cbdd5ed7,trp_706fdf80,usr_fedbd227,editor,2026-03-22T10:00:00+05:30,0.5,usr_fcd9bdf6,active,2026-08-18T10:00:00+05:30
tmb_65757996,trp_706fdf80,usr_ce38459a,viewer,2026-05-12T10:00:00+05:30,2,usr_fcd9bdf6,active,2026-08-18T10:00:00+05:30
tmb_660c66f9,trp_706fdf80,usr_acd89323,editor,2026-05-02T10:00:00+05:30,1,usr_fcd9bdf6,active,2026-08-18T10:00:00+05:30
tmb_98f4fee5,trp_aa766de3,usr_d8cab59f,owner,2026-07-18T10:00:00+05:30,1,,active,2026-08-18T10:00:00+05:30
tmb_df73d9dd,trp_aa766de3,usr_4e0c977f,editor,2026-04-29T10:00:00+05:30,1,usr_d8cab59f,active,2026-08-18T10:00:00+05:30
tmb_85f39197,trp_aa766de3,usr_372a30af,editor,2026-08-04T10:00:00+05:30,1,usr_d8cab59f,active,2026-08-18T10:00:00+05:30
tmb_d50f274b,trp_aa766de3,usr_7a1346e6,editor,2026-05-06T10:00:00+05:30,1,usr_d8cab59f,active,2026-08-18T10:00:00+05:30
tmb_3f31ce04,trp_aa766de3,usr_d4aeb337,viewer,2026-04-15T10:00:00+05:30,1,usr_d8cab59f,active,2026-08-18T10:00:00+05:30
tmb_06b149f2,trp_aa766de3,usr_7f6d27fe,viewer,2026-03-22T10:00:00+05:30,2,usr_d8cab59f,active,2026-08-18T10:00:00+05:30
tmb_0b17bb01,trp_3e798eae,usr_c4b23b72,owner,2026-06-27T10:00:00+05:30,1,,active,2026-08-18T10:00:00+05:30
tmb_cc2b4b8b,trp_c7b6e5c7,usr_61710d50,owner,2026-05-01T10:00:00+05:30,1,,active,2026-08-18T10:00:00+05:30
tmb_3a84eb4d,trp_c7b6e5c7,usr_bc8d5d3b,viewer,2026-03-27T10:00:00+05:30,2,usr_61710d50,active,2026-08-18T10:00:00+05:30
tmb_d68acfcf,trp_c7b6e5c7,usr_e7722766,viewer,2026-06-06T10:00:00+05:30,2,usr_61710d50,active,2026-08-18T10:00:00+05:30
tmb_34218f9c,trp_c7b6e5c7,usr_d9d2bfaa,editor,2026-03-24T10:00:00+05:30,1,usr_61710d50,active,2026-08-18T10:00:00+05:30
tmb_367c7398,trp_c7b6e5c7,usr_8b3ba681,viewer,2026-06-27T10:00:00+05:30,0.5,usr_61710d50,active,2026-08-18T10:00:00+05:30
tmb_ee130d6b,trp_7afc863d,usr_a386ca28,owner,2026-07-09T10:00:00+05:30,1,,active,2026-08-18T10:00:00+05:30
tmb_da02dedb,trp_7afc863d,usr_394de344,editor,2026-05-26T10:00:00+05:30,2,usr_a386ca28,active,2026-08-18T10:00:00+05:30
tmb_a90ee4d7,trp_7afc863d,usr_c0926c78,editor,2026-07-19T10:00:00+05:30,1,usr_a386ca28,inactive,2026-08-18T10:00:00+05:30
tmb_fe82d789,trp_7afc863d,usr_cbdc0a06,editor,2026-05-05T10:00:00+05:30,1,usr_a386ca28,active,2026-08-18T10:00:00+05:30
tmb_39f146aa,trp_7afc863d,usr_1ef037a0,editor,2026-04-09T10:00:00+05:30,2,usr_a386ca28,active,2026-08-18T10:00:00+05:30
tmb_1afc1def,trp_fc58b9bd,usr_1c8154b9,owner,2026-05-15T10:00:00+05:30,1,,active,2026-08-18T10:00:00+05:30
tmb_959af09a,trp_e6cd4e0f,usr_949a215d,owner,2026-04-06T10:00:00+05:30,1,,active,2026-08-18T10:00:00+05:30
tmb_ea7146f4,trp_e6cd4e0f,usr_72dfb712,editor,2026-05-28T10:00:00+05:30,1,usr_949a215d,active,2026-08-18T10:00:00+05:30
tmb_f8384ace,trp_e6cd4e0f,usr_ce9ee3ae,viewer,2026-05-20T10:00:00+05:30,0.5,usr_949a215d,inactive,2026-08-18T10:00:00+05:30
tmb_d7f8844a,trp_ec5e83d5,usr_11c77a9c,owner,2026-05-03T10:00:00+05:30,1,,active,2026-08-18T10:00:00+05:30
tmb_77597293,trp_5843566d,usr_57995796,owner,2026-07-05T10:00:00+05:30,1,,active,2026-08-18T10:00:00+05:30
tmb_6927089b,trp_79899032,usr_40c95b13,owner,2026-06-15T10:00:00+05:30,1,,active,2026-08-18T10:00:00+05:30
tmb_d053ad18,trp_e5d6ad9d,usr_357e579a,owner,2026-04-23T10:00:00+05:30,1,,active,2026-08-18T10:00:00+05:30
tmb_38fba880,trp_c6e23791,usr_3038e2f7,owner,2026-06-23T10:00:00+05:30,1,,active,2026-08-18T10:00:00+05:30
tmb_e3cf86f2,trp_6b90fe6a,usr_0567fe37,owner,2026-02-08T10:00:00+05:30,1,,active,2026-08-18T10:00:00+05:30
tmb_9b26c30b,trp_6b90fe6a,usr_2136e1fa,editor,2026-06-19T10:00:00+05:30,1,usr_0567fe37,active,2026-08-18T10:00:00+05:30
tmb_02cf4697,trp_4567900f,usr_e94f06ca,owner,2026-06-29T10:00:00+05:30,1,,active,2026-08-18T10:00:00+05:30
tmb_d0b6d4ca,trp_ce030396,usr_67de0711,owner,2026-03-29T10:00:00+05:30,1,,active,2026-08-18T10:00:00+05:30
tmb_3642bfe7,trp_ce030396,usr_580a5fe8,viewer,2026-04-24T10:00:00+05:30,2,usr_67de0711,active,2026-08-18T10:00:00+05:30
tmb_71e011a8,trp_ce030396,usr_2fda18fd,editor,2026-05-12T10:00:00+05:30,0.5,usr_67de0711,active,2026-08-18T10:00:00+05:30
tmb_0575d521,trp_ce030396,usr_2da5bb04,editor,2026-03-17T10:00:00+05:30,0.5,usr_67de0711,active,2026-08-18T10:00:00+05:30
tmb_73e061a4,trp_ce030396,usr_bc4b67f6,editor,2026-05-27T10:00:00+05:30,2,usr_67de0711,active,2026-08-18T10:00:00+05:30
tmb_b8d5e0f1,trp_ce030396,usr_7edfea3c,viewer,2026-05-15T10:00:00+05:30,1,usr_67de0711,active,2026-08-18T10:00:00+05:30
tmb_5e83677b,trp_ae6b4527,usr_98212b28,owner,2026-02-03T10:00:00+05:30,1,,active,2026-08-18T10:00:00+05:30
tmb_168aa15d,trp_ae6b4527,usr_b2c6fdd5,viewer,2026-05-30T10:00:00+05:30,1,usr_98212b28,active,2026-08-18T10:00:00+05:30
tmb_cca48742,trp_ae6b4527,usr_e3b9431c,editor,2026-05-17T10:00:00+05:30,1,usr_98212b28,active,2026-08-18T10:00:00+05:30
tmb_d529afb5,trp_ae6b4527,usr_18984e30,editor,2026-04-13T10:00:00+05:30,0.5,usr_98212b28,active,2026-08-18T10:00:00+05:30
tmb_10aa7d20,trp_ae6b4527,usr_1341ab66,viewer,2026-08-12T10:00:00+05:30,1,usr_98212b28,active,2026-08-18T10:00:00+05:30
tmb_5195676d,trp_ae6b4527,usr_13d8f6bd,viewer,2026-03-08T10:00:00+05:30,1,usr_98212b28,active,2026-08-18T10:00:00+05:30
tmb_1fc0083a,trp_4158f34b,usr_9473419d,owner,2026-03-22T10:00:00+05:30,1,,active,2026-08-18T10:00:00+05:30
tmb_39d6d9bc,trp_0ab1cb2b,usr_ab49979e,owner,2026-04-14T10:00:00+05:30,1,,active,2026-08-18T10:00:00+05:30
tmb_ec7ce1bb,trp_de13fbb8,usr_638c6951,owner,2026-02-04T10:00:00+05:30,1,,active,2026-08-18T10:00:00+05:30
tmb_e2640fda,trp_de13fbb8,usr_9c3deed5,viewer,2026-02-27T10:00:00+05:30,1,usr_638c6951,active,2026-08-18T10:00:00+05:30
tmb_26219e32,trp_de13fbb8,usr_88af6903,editor,2026-03-05T10:00:00+05:30,2,usr_638c6951,active,2026-08-18T10:00:00+05:30
tmb_60af3531,trp_de13fbb8,usr_a0b28bd2,editor,2026-05-05T10:00:00+05:30,2,usr_638c6951,active,2026-08-18T10:00:00+05:30
tmb_47e97a6c,trp_6d961db4,usr_fd8f7b49,owner,2026-02-23T10:00:00+05:30,1,,active,2026-08-18T10:00:00+05:30
tmb_46a7f179,trp_6d961db4,usr_045378e4,editor,2026-04-05T10:00:00+05:30,1,usr_fd8f7b49,active,2026-08-18T10:00:00+05:30
tmb_81330f66,trp_6d961db4,usr_6498a0a8,viewer,2026-03-27T10:00:00+05:30,1,usr_fd8f7b49,active,2026-08-18T10:00:00+05:30
tmb_41321a7f,trp_4c87ad6d,usr_94e62241,owner,2026-06-12T10:00:00+05:30,1,,active,2026-08-18T10:00:00+05:30
tmb_03896471,trp_e5fcba16,usr_b021d103,owner,2026-07-02T10:00:00+05:30,1,,active,2026-08-18T10:00:00+05:30
tmb_e3e11923,trp_e5fcba16,usr_f94cda41,editor,2026-07-04T10:00:00+05:30,2,usr_b021d103,active,2026-08-18T10:00:00+05:30
tmb_93db1655,trp_64726e5f,usr_f9060fbb,owner,2026-02-28T10:00:00+05:30,1,,active,2026-08-18T10:00:00+05:30
tmb_a67eb65e,trp_e9978e3e,usr_1805266d,owner,2026-05-27T10:00:00+05:30,1,,active,2026-08-18T10:00:00+05:30
tmb_271c202f,trp_4507663e,usr_05e40dfc,owner,2026-04-10T10:00:00+05:30,1,,active,2026-08-18T10:00:00+05:30
tmb_e49ddc38,trp_7b77aa24,usr_88af6903,owner,2026-05-20T10:00:00+05:30,1,,active,2026-08-18T10:00:00+05:30
tmb_dc08a41d,trp_087633e3,usr_4cbf6de6,owner,2026-05-18T10:00:00+05:30,1,,active,2026-08-18T10:00:00+05:30
tmb_4771848a,trp_087633e3,usr_e9d7fa81,editor,2026-03-14T10:00:00+05:30,1,usr_4cbf6de6,active,2026-08-18T10:00:00+05:30
tmb_72730508,trp_087633e3,usr_c535ee88,editor,2026-04-15T10:00:00+05:30,1,usr_4cbf6de6,active,2026-08-18T10:00:00+05:30
tmb_55fdb17a,trp_087633e3,usr_fe68ac3c,viewer,2026-06-14T10:00:00+05:30,2,usr_4cbf6de6,active,2026-08-18T10:00:00+05:30
tmb_5c0dcab7,trp_087633e3,usr_63d6db20,viewer,2026-03-20T10:00:00+05:30,0.5,usr_4cbf6de6,active,2026-08-18T10:00:00+05:30
tmb_fc54cfa6,trp_3e263e75,usr_51275e79,owner,2026-02-20T10:00:00+05:30,1,,active,2026-08-18T10:00:00+05:30
tmb_91bfe0e6,trp_3e263e75,usr_6498a0a8,viewer,2026-03-20T10:00:00+05:30,1,usr_51275e79,active,2026-08-18T10:00:00+05:30
tmb_96c12e97,trp_3e263e75,usr_866a8f33,viewer,2026-07-20T10:00:00+05:30,1,usr_51275e79,active,2026-08-18T10:00:00+05:30
tmb_d0301f79,trp_f0bbd941,usr_58d2b52f,owner,2026-06-11T10:00:00+05:30,1,,active,2026-08-18T10:00:00+05:30
tmb_ff7f6a8f,trp_03ebe095,usr_0389057b,owner,2026-03-19T10:00:00+05:30,1,,active,2026-08-18T10:00:00+05:30
tmb_45bd2f53,trp_e5ff1490,usr_2e849b83,owner,2026-04-06T10:00:00+05:30,1,,active,2026-08-18T10:00:00+05:30
tmb_b79ccbf2,trp_e5ff1490,usr_20ea4b19,editor,2026-08-08T10:00:00+05:30,1,usr_2e849b83,active,2026-08-18T10:00:00+05:30
tmb_4f722d89,trp_e5ff1490,usr_9ae9cbcb,editor,2026-03-10T10:00:00+05:30,0.5,usr_2e849b83,active,2026-08-18T10:00:00+05:30
tmb_866e701f,trp_e5ff1490,usr_6be041f5,editor,2026-03-18T10:00:00+05:30,1,usr_2e849b83,active,2026-08-18T10:00:00+05:30
tmb_25801e2a,trp_e5ff1490,usr_14c698db,editor,2026-04-18T10:00:00+05:30,1,usr_2e849b83,inactive,2026-08-18T10:00:00+05:30
tmb_dd44f706,trp_e5ff1490,usr_b1d59712,editor,2026-03-06T10:00:00+05:30,1,usr_2e849b83,active,2026-08-18T10:00:00+05:30
tmb_75913605,trp_c31653d2,usr_ab49979e,owner,2026-06-30T10:00:00+05:30,1,,active,2026-08-18T10:00:00+05:30
tmb_88d6a27c,trp_ebe52e65,usr_f52d271a,owner,2026-06-01T10:00:00+05:30,1,,active,2026-08-18T10:00:00+05:30
tmb_82074738,trp_ebe52e65,usr_05fc06c6,editor,2026-05-18T10:00:00+05:30,1,usr_f52d271a,active,2026-08-18T10:00:00+05:30
tmb_d7b89f3e,trp_95715c8a,usr_0dc99bd5,owner,2026-06-24T10:00:00+05:30,1,,active,2026-08-18T10:00:00+05:30
tmb_e684858c,trp_ab774ec9,usr_74e3ecb1,owner,2026-03-07T10:00:00+05:30,1,,active,2026-08-18T10:00:00+05:30
tmb_6ff5fa0c,trp_ab774ec9,usr_693c20b9,editor,2026-03-09T10:00:00+05:30,1,usr_74e3ecb1,active,2026-08-18T10:00:00+05:30
tmb_9b50f114,trp_ab774ec9,usr_77e91c3a,editor,2026-07-11T10:00:00+05:30,1,usr_74e3ecb1,active,2026-08-18T10:00:00+05:30
tmb_32a51928,trp_f8995cd0,usr_29b0484e,owner,2026-05-28T10:00:00+05:30,1,,active,2026-08-18T10:00:00+05:30
tmb_62b01bff,trp_f8995cd0,usr_e0440f90,editor,2026-07-02T10:00:00+05:30,1,usr_29b0484e,active,2026-08-18T10:00:00+05:30
tmb_032320aa,trp_f8995cd0,usr_8e89346c,editor,2026-04-09T10:00:00+05:30,2,usr_29b0484e,active,2026-08-18T10:00:00+05:30
tmb_49f7e21c,trp_f8995cd0,usr_b4b6a1a5,editor,2026-03-11T10:00:00+05:30,1,usr_29b0484e,active,2026-08-18T10:00:00+05:30
tmb_d4c63a2b,trp_f8995cd0,usr_b204c453,editor,2026-07-10T10:00:00+05:30,2,usr_29b0484e,active,2026-08-18T10:00:00+05:30
tmb_5505fd91,trp_f8995cd0,usr_9d32306d,editor,2026-08-11T10:00:00+05:30,0.5,usr_29b0484e,active,2026-08-18T10:00:00+05:30
tmb_b145ff21,trp_2472305e,usr_aaf1c470,owner,2026-03-15T10:00:00+05:30,1,,active,2026-08-18T10:00:00+05:30
tmb_0e2e0433,trp_2472305e,usr_b3f2baa1,viewer,2026-06-07T10:00:00+05:30,1,usr_aaf1c470,active,2026-08-18T10:00:00+05:30
tmb_651f05ee,trp_24b6d605,usr_f4863900,owner,2026-02-22T10:00:00+05:30,1,,active,2026-08-18T10:00:00+05:30
tmb_ee535031,trp_91d592b2,usr_8d937b9e,owner,2026-02-07T10:00:00+05:30,1,,active,2026-08-18T10:00:00+05:30
tmb_c2ff6fb1,trp_bcc3e676,usr_f23dc3eb,owner,2026-05-11T10:00:00+05:30,1,,active,2026-08-18T10:00:00+05:30
tmb_8e0164ce,trp_bcc3e676,usr_76c235d5,editor,2026-05-21T10:00:00+05:30,2,usr_f23dc3eb,active,2026-08-18T10:00:00+05:30
tmb_03c5ebe4,trp_e469328d,usr_d8cab59f,owner,2026-03-16T10:00:00+05:30,1,,active,2026-08-18T10:00:00+05:30
tmb_6691261d,trp_e469328d,usr_96a8d3c5,editor,2026-03-11T10:00:00+05:30,2,usr_d8cab59f,active,2026-08-18T10:00:00+05:30
tmb_d82bab0c,trp_e469328d,usr_9db3efff,viewer,2026-06-09T10:00:00+05:30,2,usr_d8cab59f,active,2026-08-18T10:00:00+05:30
tmb_649618c3,trp_e469328d,usr_3c2f4109,editor,2026-03-26T10:00:00+05:30,1,usr_d8cab59f,active,2026-08-18T10:00:00+05:30
tmb_684eb15e,trp_cb526c8f,usr_538f6e20,owner,2026-06-28T10:00:00+05:30,1,,active,2026-08-18T10:00:00+05:30
tmb_bc758aa8,trp_cb526c8f,usr_942658c9,viewer,2026-05-17T10:00:00+05:30,1,usr_538f6e20,active,2026-08-18T10:00:00+05:30
tmb_7b3ab1dc,trp_47080e5b,usr_2fca7c46,owner,2026-04-27T10:00:00+05:30,1,,active,2026-08-18T10:00:00+05:30
tmb_bd73fbf5,trp_47080e5b,usr_dace411a,viewer,2026-05-04T10:00:00+05:30,0.5,usr_2fca7c46,active,2026-08-18T10:00:00+05:30
tmb_7f7b1ccc,trp_47080e5b,usr_95d28a5d,viewer,2026-07-20T10:00:00+05:30,1,usr_2fca7c46,active,2026-08-18T10:00:00+05:30
tmb_d9b7b45d,trp_47080e5b,usr_0e5a0620,editor,2026-07-08T10:00:00+05:30,0.5,usr_2fca7c46,active,2026-08-18T10:00:00+05:30
tmb_d244d5e0,trp_47080e5b,usr_0382185a,editor,2026-05-04T10:00:00+05:30,0.5,usr_2fca7c46,active,2026-08-18T10:00:00+05:30
tmb_03608b10,trp_47080e5b,usr_7f26d855,viewer,2026-03-09T10:00:00+05:30,1,usr_2fca7c46,active,2026-08-18T10:00:00+05:30
tmb_a17ab537,trp_d1b2a8eb,usr_24e54a31,owner,2026-02-18T10:00:00+05:30,1,,active,2026-08-18T10:00:00+05:30
tmb_414092bd,trp_d1b2a8eb,usr_108e6f0f,editor,2026-04-05T10:00:00+05:30,1,usr_24e54a31,active,2026-08-18T10:00:00+05:30
tmb_5a548e80,trp_b2aef743,usr_7796e5e8,owner,2026-04-21T10:00:00+05:30,1,,active,2026-08-18T10:00:00+05:30
tmb_194a6faf,trp_9805085a,usr_02d5e350,owner,2026-03-03T10:00:00+05:30,1,,active,2026-08-18T10:00:00+05:30
tmb_ba0db536,trp_3faed012,usr_8add6423,owner,2026-04-10T10:00:00+05:30,1,,active,2026-08-18T10:00:00+05:30
tmb_3951cb2b,trp_3faed012,usr_2808d36a,editor,2026-06-27T10:00:00+05:30,1,usr_8add6423,active,2026-08-18T10:00:00+05:30
tmb_037d4083,trp_3faed012,usr_d504f21d,viewer,2026-03-25T10:00:00+05:30,1,usr_8add6423,active,2026-08-18T10:00:00+05:30
tmb_ead4f506,trp_3faed012,usr_6bf6f0c2,editor,2026-08-07T10:00:00+05:30,0.5,usr_8add6423,active,2026-08-18T10:00:00+05:30
tmb_d4558b8e,trp_7a22e52a,usr_0551c67a,owner,2026-03-03T10:00:00+05:30,1,,active,2026-08-18T10:00:00+05:30
tmb_515b0ecb,trp_7a22e52a,usr_aefdae86,viewer,2026-05-25T10:00:00+05:30,1,usr_0551c67a,active,2026-08-18T10:00:00+05:30
tmb_f36601fe,trp_7a22e52a,usr_e6dca418,viewer,2026-07-26T10:00:00+05:30,1,usr_0551c67a,active,2026-08-18T10:00:00+05:30
tmb_f5ade59a,trp_7a22e52a,usr_ce941853,viewer,2026-02-22T10:00:00+05:30,2,usr_0551c67a,active,2026-08-18T10:00:00+05:30
tmb_e8eee7f4,trp_cab596c9,usr_afaebefa,owner,2026-05-18T10:00:00+05:30,1,,active,2026-08-18T10:00:00+05:30
tmb_2b3dfc95,trp_3addadca,usr_ce09de03,owner,2026-05-08T10:00:00+05:30,1,,active,2026-08-18T10:00:00+05:30
tmb_0ca6437e,trp_acaf45e7,usr_b96ef58c,owner,2026-04-23T10:00:00+05:30,1,,active,2026-08-18T10:00:00+05:30
tmb_8fc389f0,trp_acaf45e7,usr_d312cbff,editor,2026-04-29T10:00:00+05:30,1,usr_b96ef58c,active,2026-08-18T10:00:00+05:30
tmb_861108dd,trp_acaf45e7,usr_228f37bd,editor,2026-03-20T10:00:00+05:30,1,usr_b96ef58c,active,2026-08-18T10:00:00+05:30
tmb_9c4bf5e9,trp_acaf45e7,usr_991a1e29,viewer,2026-03-13T10:00:00+05:30,1,usr_b96ef58c,active,2026-08-18T10:00:00+05:30
tmb_51e087a8,trp_53f18756,usr_b8779399,owner,2026-06-17T10:00:00+05:30,1,,active,2026-08-18T10:00:00+05:30
tmb_6d0808ac,trp_13f532df,usr_ab44eb3e,owner,2026-05-18T10:00:00+05:30,1,,active,2026-08-18T10:00:00+05:30
tmb_7b5bdbac,trp_13f532df,usr_36284ca0,viewer,2026-07-15T10:00:00+05:30,1,usr_ab44eb3e,active,2026-08-18T10:00:00+05:30
tmb_64057167,trp_13f532df,usr_6a108f4e,editor,2026-02-27T10:00:00+05:30,0.5,usr_ab44eb3e,active,2026-08-18T10:00:00+05:30
tmb_3e9a0398,trp_13f532df,usr_beed67f9,editor,2026-02-21T10:00:00+05:30,0.5,usr_ab44eb3e,active,2026-08-18T10:00:00+05:30
tmb_cfbb7d02,trp_13f532df,usr_664c590c,editor,2026-08-07T10:00:00+05:30,2,usr_ab44eb3e,active,2026-08-18T10:00:00+05:30
tmb_86755ebe,trp_234af87a,usr_856079e2,owner,2026-05-01T10:00:00+05:30,1,,active,2026-08-18T10:00:00+05:30
tmb_0cf46880,trp_fd4e6af3,usr_35d340e3,owner,2026-02-18T10:00:00+05:30,1,,active,2026-08-18T10:00:00+05:30
tmb_139defb4,trp_fd4e6af3,usr_52de2228,editor,2026-04-15T10:00:00+05:30,1,usr_35d340e3,active,2026-08-18T10:00:00+05:30
tmb_1edaf4b8,trp_2b1c9a53,usr_1a6892bf,owner,2026-04-09T10:00:00+05:30,1,,active,2026-08-18T10:00:00+05:30
tmb_3be72279,trp_2b1c9a53,usr_96740172,editor,2026-08-01T10:00:00+05:30,1,usr_1a6892bf,inactive,2026-08-18T10:00:00+05:30
tmb_01eb69c0,trp_2b1c9a53,usr_08b8f8e9,viewer,2026-05-15T10:00:00+05:30,1,usr_1a6892bf,active,2026-08-18T10:00:00+05:30
tmb_b6a5dfc3,trp_2b1c9a53,usr_b1b8dc45,editor,2026-05-26T10:00:00+05:30,1,usr_1a6892bf,active,2026-08-18T10:00:00+05:30
tmb_9a946fc6,trp_058d5aea,usr_e3e0cd9d,owner,2026-03-20T10:00:00+05:30,1,,active,2026-08-18T10:00:00+05:30
tmb_fd94a7e5,trp_f83ed4d2,usr_840ca16a,owner,2026-05-27T10:00:00+05:30,1,,active,2026-08-18T10:00:00+05:30
tmb_d31ff470,trp_f83ed4d2,usr_c6f0707f,viewer,2026-03-17T10:00:00+05:30,1,usr_840ca16a,active,2026-08-18T10:00:00+05:30
tmb_2aca116e,trp_f83ed4d2,usr_949a215d,editor,2026-07-20T10:00:00+05:30,1,usr_840ca16a,active,2026-08-18T10:00:00+05:30
tmb_46863c37,trp_f83ed4d2,usr_f94b1e02,editor,2026-07-22T10:00:00+05:30,0.5,usr_840ca16a,active,2026-08-18T10:00:00+05:30
tmb_2ab1210c,trp_de13b938,usr_4420259c,owner,2026-06-10T10:00:00+05:30,1,,active,2026-08-18T10:00:00+05:30
tmb_801e0fec,trp_de13b938,usr_cb3be250,editor,2026-05-10T10:00:00+05:30,2,usr_4420259c,active,2026-08-18T10:00:00+05:30
tmb_ce97e5aa,trp_de13b938,usr_7d446287,editor,2026-05-04T10:00:00+05:30,2,usr_4420259c,active,2026-08-18T10:00:00+05:30
tmb_6a1ac685,trp_de13b938,usr_50bcfb30,viewer,2026-05-16T10:00:00+05:30,1,usr_4420259c,active,2026-08-18T10:00:00+05:30
tmb_ade48ae1,trp_de13b938,usr_96740172,viewer,2026-07-24T10:00:00+05:30,1,usr_4420259c,active,2026-08-18T10:00:00+05:30
tmb_59c5a565,trp_572d4b08,usr_5bbebfef,owner,2026-03-20T10:00:00+05:30,1,,active,2026-08-18T10:00:00+05:30
tmb_c896d980,trp_3a5885a5,usr_5385053d,owner,2026-04-07T10:00:00+05:30,1,,active,2026-08-18T10:00:00+05:30
tmb_9c3b961a,trp_ba83403f,usr_7af1e427,owner,2026-02-07T10:00:00+05:30,1,,active,2026-08-18T10:00:00+05:30
tmb_d1cce89c,trp_ba83403f,usr_0f63f4f1,viewer,2026-03-18T10:00:00+05:30,1,usr_7af1e427,active,2026-08-18T10:00:00+05:30
tmb_4d2d2d43,trp_ba83403f,usr_cabd8a19,editor,2026-05-14T10:00:00+05:30,0.5,usr_7af1e427,active,2026-08-18T10:00:00+05:30
tmb_1dde68d4,trp_ba83403f,usr_9e65154f,editor,2026-07-31T10:00:00+05:30,0.5,usr_7af1e427,active,2026-08-18T10:00:00+05:30
tmb_a7fe2074,trp_97bcd5c8,usr_e851fdeb,owner,2026-03-23T10:00:00+05:30,1,,active,2026-08-18T10:00:00+05:30
tmb_62868ded,trp_97bcd5c8,usr_9e6dc4d3,editor,2026-05-20T10:00:00+05:30,1,usr_e851fdeb,active,2026-08-18T10:00:00+05:30
tmb_11a7ab63,trp_97bcd5c8,usr_106130ad,editor,2026-04-17T10:00:00+05:30,0.5,usr_e851fdeb,active,2026-08-18T10:00:00+05:30
tmb_9207541a,trp_97bcd5c8,usr_fd9d50a7,viewer,2026-05-03T10:00:00+05:30,1,usr_e851fdeb,active,2026-08-18T10:00:00+05:30
tmb_be6be01e,trp_97bcd5c8,usr_0021edc6,editor,2026-03-29T10:00:00+05:30,0.5,usr_e851fdeb,active,2026-08-18T10:00:00+05:30
tmb_1888be95,trp_97bcd5c8,usr_209fdcf3,editor,2026-03-05T10:00:00+05:30,0.5,usr_e851fdeb,active,2026-08-18T10:00:00+05:30
tmb_5fb139ee,trp_1f82c042,usr_fc3617c0,owner,2026-04-14T10:00:00+05:30,1,,active,2026-08-18T10:00:00+05:30
tmb_2a10d943,trp_cafb851c,usr_be4ecc52,owner,2026-06-19T10:00:00+05:30,1,,active,2026-08-18T10:00:00+05:30
tmb_9cea5bcc,trp_df4fb834,usr_55b114d5,owner,2026-03-16T10:00:00+05:30,1,,active,2026-08-18T10:00:00+05:30
tmb_53af416c,trp_df4fb834,usr_a36d3b50,viewer,2026-06-25T10:00:00+05:30,1,usr_55b114d5,active,2026-08-18T10:00:00+05:30
tmb_7ce4b547,trp_df4fb834,usr_d981bf20,editor,2026-03-20T10:00:00+05:30,2,usr_55b114d5,active,2026-08-18T10:00:00+05:30
tmb_f3fcc1b0,trp_df4fb834,usr_ddfd9a4a,editor,2026-05-12T10:00:00+05:30,0.5,usr_55b114d5,active,2026-08-18T10:00:00+05:30
tmb_cad97fc7,trp_df4fb834,usr_3f4f4c52,editor,2026-04-22T10:00:00+05:30,1,usr_55b114d5,active,2026-08-18T10:00:00+05:30
tmb_0c1d82a5,trp_16836146,usr_209a82fa,owner,2026-05-31T10:00:00+05:30,1,,active,2026-08-18T10:00:00+05:30
tmb_cf0efcc9,trp_45a660c5,usr_1f0f9af9,owner,2026-05-05T10:00:00+05:30,1,,active,2026-08-18T10:00:00+05:30
tmb_f80b05f3,trp_45a660c5,usr_228f37bd,viewer,2026-04-15T10:00:00+05:30,1,usr_1f0f9af9,active,2026-08-18T10:00:00+05:30
tmb_c9335d3a,trp_a8e65113,usr_db9c91fe,owner,2026-02-22T10:00:00+05:30,1,,active,2026-08-18T10:00:00+05:30
tmb_6e8a3db5,trp_95ffc5b8,usr_2b7e8931,owner,2026-03-21T10:00:00+05:30,1,,active,2026-08-18T10:00:00+05:30
tmb_567ea40f,trp_418cd9f5,usr_8659fe93,owner,2026-01-31T10:00:00+05:30,1,,active,2026-08-18T10:00:00+05:30
tmb_61c5a148,trp_fe962840,usr_95492664,owner,2026-05-03T10:00:00+05:30,1,,active,2026-08-18T10:00:00+05:30
tmb_600c7c17,trp_60fe0650,usr_7af770b2,owner,2026-07-03T10:00:00+05:30,1,,active,2026-08-18T10:00:00+05:30
tmb_fb87161f,trp_3e1f142c,usr_22e61dad,owner,2026-07-01T10:00:00+05:30,1,,active,2026-08-18T10:00:00+05:30
tmb_7d450287,trp_3e1f142c,usr_cea18c83,editor,2026-07-18T10:00:00+05:30,1,usr_22e61dad,active,2026-08-18T10:00:00+05:30
tmb_f8006697,trp_3e1f142c,usr_2808d36a,viewer,2026-06-23T10:00:00+05:30,1,usr_22e61dad,active,2026-08-18T10:00:00+05:30
tmb_9a80bab9,trp_3e1f142c,usr_8020be6b,editor,2026-06-06T10:00:00+05:30,0.5,usr_22e61dad,active,2026-08-18T10:00:00+05:30
tmb_5c9abfa8,trp_3e1f142c,usr_13d8f6bd,editor,2026-08-04T10:00:00+05:30,0.5,usr_22e61dad,active,2026-08-18T10:00:00+05:30
tmb_73593552,trp_f1bbbfc4,usr_d89a661b,owner,2026-06-04T10:00:00+05:30,1,,active,2026-08-18T10:00:00+05:30
tmb_aa7c99a1,trp_e19281ce,usr_ea41e115,owner,2026-03-04T10:00:00+05:30,1,,active,2026-08-18T10:00:00+05:30
tmb_4c7cdb5d,trp_f45d3ef9,usr_c4dc3602,owner,2026-03-10T10:00:00+05:30,1,,active,2026-08-18T10:00:00+05:30
tmb_ffaa3e2b,trp_d44e94e7,usr_e4f15778,owner,2026-03-30T10:00:00+05:30,1,,active,2026-08-18T10:00:00+05:30
tmb_62396686,trp_897d9724,usr_8af9206e,owner,2026-05-30T10:00:00+05:30,1,,active,2026-08-18T10:00:00+05:30
tmb_c1e4c076,trp_e16227b5,usr_d1c73fb8,owner,2026-07-04T10:00:00+05:30,1,,active,2026-08-18T10:00:00+05:30
tmb_1491767d,trp_edc2177c,usr_c94b68cc,owner,2026-04-26T10:00:00+05:30,1,,active,2026-08-18T10:00:00+05:30
tmb_66b23f00,trp_edc2177c,usr_e5bfa6cd,viewer,2026-07-17T10:00:00+05:30,1,usr_c94b68cc,active,2026-08-18T10:00:00+05:30
tmb_70115646,trp_edc2177c,usr_edf2bbfa,editor,2026-04-02T10:00:00+05:30,0.5,usr_c94b68cc,active,2026-08-18T10:00:00+05:30
tmb_0bb1ff09,trp_edc2177c,usr_05e40dfc,editor,2026-04-28T10:00:00+05:30,1,usr_c94b68cc,active,2026-08-18T10:00:00+05:30
tmb_9fa2a4ab,trp_edc2177c,usr_5de9da21,editor,2026-06-01T10:00:00+05:30,2,usr_c94b68cc,active,2026-08-18T10:00:00+05:30
tmb_e6ba3736,trp_edc2177c,usr_68f38693,viewer,2026-03-21T10:00:00+05:30,2,usr_c94b68cc,active,2026-08-18T10:00:00+05:30
tmb_34f191ef,trp_67de89e5,usr_9de6bd6d,owner,2026-05-23T10:00:00+05:30,1,,active,2026-08-18T10:00:00+05:30
tmb_1d4b5587,trp_22fefa8b,usr_29fdaeb0,owner,2026-05-26T10:00:00+05:30,1,,active,2026-08-18T10:00:00+05:30
tmb_163bca10,trp_773ff3c5,usr_14c738e0,owner,2026-07-18T10:00:00+05:30,1,,active,2026-08-18T10:00:00+05:30
tmb_a9d73754,trp_73f84cd3,usr_f855344d,owner,2026-06-25T10:00:00+05:30,1,,active,2026-08-18T10:00:00+05:30
tmb_c10adc83,trp_f2bf08e7,usr_cb0928ac,owner,2026-05-08T10:00:00+05:30,1,,active,2026-08-18T10:00:00+05:30
tmb_d634dede,trp_f2bf08e7,usr_7e684451,editor,2026-02-22T10:00:00+05:30,2,usr_cb0928ac,active,2026-08-18T10:00:00+05:30
tmb_889c29be,trp_f2bf08e7,usr_160064ff,editor,2026-07-15T10:00:00+05:30,1,usr_cb0928ac,active,2026-08-18T10:00:00+05:30
tmb_a217d45d,trp_f2bf08e7,usr_0af476d1,editor,2026-07-16T10:00:00+05:30,0.5,usr_cb0928ac,active,2026-08-18T10:00:00+05:30
tmb_82c059ac,trp_f2bf08e7,usr_9e6dc4d3,editor,2026-06-19T10:00:00+05:30,1,usr_cb0928ac,active,2026-08-18T10:00:00+05:30
tmb_0062aaf6,trp_154f5086,usr_8e56e75b,owner,2026-02-02T10:00:00+05:30,1,,active,2026-08-18T10:00:00+05:30
tmb_6eec9c82,trp_e59e0b3d,usr_48f9bd76,owner,2026-06-05T10:00:00+05:30,1,,active,2026-08-18T10:00:00+05:30
tmb_3c8d792c,trp_e59e0b3d,usr_f5a38687,viewer,2026-05-01T10:00:00+05:30,1,usr_48f9bd76,active,2026-08-18T10:00:00+05:30
tmb_8702c1f7,trp_e59e0b3d,usr_25c3664e,editor,2026-02-27T10:00:00+05:30,2,usr_48f9bd76,active,2026-08-18T10:00:00+05:30
tmb_7fe55a66,trp_e59e0b3d,usr_f49d96dd,editor,2026-04-19T10:00:00+05:30,2,usr_48f9bd76,active,2026-08-18T10:00:00+05:30
tmb_deaebeb7,trp_e59e0b3d,usr_701b0010,viewer,2026-06-16T10:00:00+05:30,0.5,usr_48f9bd76,active,2026-08-18T10:00:00+05:30
tmb_1cf2fd76,trp_e59e0b3d,usr_2c8b7af8,editor,2026-07-22T10:00:00+05:30,0.5,usr_48f9bd76,active,2026-08-18T10:00:00+05:30
tmb_6f48427a,trp_1b20de3f,usr_6c3fae7b,owner,2026-05-26T10:00:00+05:30,1,,active,2026-08-18T10:00:00+05:30
tmb_2fc3bbf5,trp_0c58e20b,usr_dc1bd238,owner,2026-03-27T10:00:00+05:30,1,,active,2026-08-18T10:00:00+05:30
tmb_ece23744,trp_9b05bb65,usr_0ae483ef,owner,2026-03-01T10:00:00+05:30,1,,active,2026-08-18T10:00:00+05:30
tmb_e038ee5d,trp_9b05bb65,usr_394de344,viewer,2026-06-25T10:00:00+05:30,1,usr_0ae483ef,inactive,2026-08-18T10:00:00+05:30
tmb_a119c907,trp_9b05bb65,usr_d3acd59c,editor,2026-03-12T10:00:00+05:30,0.5,usr_0ae483ef,active,2026-08-18T10:00:00+05:30
tmb_8d473e0d,trp_9b05bb65,usr_d6801dce,editor,2026-06-28T10:00:00+05:30,1,usr_0ae483ef,active,2026-08-18T10:00:00+05:30
tmb_d1b8c619,trp_86a8180b,usr_a25f0129,owner,2026-07-05T10:00:00+05:30,1,,active,2026-08-18T10:00:00+05:30
tmb_2ed21119,trp_0c4edd73,usr_a6eaecde,owner,2026-04-20T10:00:00+05:30,1,,active,2026-08-18T10:00:00+05:30
tmb_25a16c5a,trp_6dccaaae,usr_b829ab46,owner,2026-06-15T10:00:00+05:30,1,,active,2026-08-18T10:00:00+05:30
tmb_ee5e36de,trp_3d0f7e84,usr_bac1ae76,owner,2026-05-22T10:00:00+05:30,1,,active,2026-08-18T10:00:00+05:30
tmb_63dfdf12,trp_3d0f7e84,usr_2182a4d3,editor,2026-04-25T10:00:00+05:30,1,usr_bac1ae76,active,2026-08-18T10:00:00+05:30
tmb_f7fecbd9,trp_87c1afde,usr_f60ade8b,owner,2026-07-19T10:00:00+05:30,1,,active,2026-08-18T10:00:00+05:30
tmb_6ca85ad1,trp_87c1afde,usr_fae4d064,viewer,2026-06-01T10:00:00+05:30,2,usr_f60ade8b,active,2026-08-18T10:00:00+05:30
tmb_62acb889,trp_87c1afde,usr_7fc93a76,editor,2026-08-05T10:00:00+05:30,1,usr_f60ade8b,active,2026-08-18T10:00:00+05:30
tmb_8fe223d7,trp_87c1afde,usr_dcfab723,editor,2026-04-14T10:00:00+05:30,1,usr_f60ade8b,active,2026-08-18T10:00:00+05:30
tmb_bdcc3f94,trp_87c1afde,usr_7dc3ba48,viewer,2026-06-18T10:00:00+05:30,1,usr_f60ade8b,active,2026-08-18T10:00:00+05:30
tmb_6cabf48c,trp_87c1afde,usr_495905e0,viewer,2026-07-13T10:00:00+05:30,1,usr_f60ade8b,active,2026-08-18T10:00:00+05:30
tmb_78a715cc,trp_1958f050,usr_bedf358a,owner,2026-04-29T10:00:00+05:30,1,,active,2026-08-18T10:00:00+05:30
tmb_e51a18ed,trp_1958f050,usr_6e3b5c10,editor,2026-05-08T10:00:00+05:30,1,usr_bedf358a,active,2026-08-18T10:00:00+05:30
tmb_c7b76b05,trp_1958f050,usr_7d0ce609,editor,2026-06-25T10:00:00+05:30,1,usr_bedf358a,active,2026-08-18T10:00:00+05:30
tmb_db9c4723,trp_1958f050,usr_326aed9f,editor,2026-02-20T10:00:00+05:30,1,usr_bedf358a,active,2026-08-18T10:00:00+05:30
tmb_70fe45ee,trp_fad7e244,usr_e851fdeb,owner,2026-04-21T10:00:00+05:30,1,,active,2026-08-18T10:00:00+05:30
tmb_402b67ca,trp_feb381e2,usr_e9e3f281,owner,2026-04-13T10:00:00+05:30,1,,active,2026-08-18T10:00:00+05:30
tmb_26a2ddbf,trp_feb381e2,usr_4dc8096b,editor,2026-08-01T10:00:00+05:30,1,usr_e9e3f281,active,2026-08-18T10:00:00+05:30
tmb_a2fc1eb3,trp_feb381e2,usr_7f6d27fe,viewer,2026-02-23T10:00:00+05:30,1,usr_e9e3f281,active,2026-08-18T10:00:00+05:30
tmb_0d4c76d2,trp_9dfd38b4,usr_c41a26c3,owner,2026-06-11T10:00:00+05:30,1,,active,2026-08-18T10:00:00+05:30
tmb_54c05e69,trp_9dfd38b4,usr_1dd8f348,editor,2026-07-06T10:00:00+05:30,1,usr_c41a26c3,active,2026-08-18T10:00:00+05:30
tmb_4bc61b76,trp_9dfd38b4,usr_454b4262,editor,2026-05-28T10:00:00+05:30,1,usr_c41a26c3,active,2026-08-18T10:00:00+05:30
tmb_18c6eece,trp_9dfd38b4,usr_da6b9625,editor,2026-07-26T10:00:00+05:30,1,usr_c41a26c3,active,2026-08-18T10:00:00+05:30
tmb_406a0403,trp_a090d1f1,usr_1239733b,owner,2026-07-02T10:00:00+05:30,1,,active,2026-08-18T10:00:00+05:30
tmb_3c0068a6,trp_8e052cdf,usr_74ed32ff,owner,2026-06-30T10:00:00+05:30,1,,active,2026-08-18T10:00:00+05:30
tmb_0c0bf8be,trp_db8edb3f,usr_d20b2a69,owner,2026-02-19T10:00:00+05:30,1,,active,2026-08-18T10:00:00+05:30
tmb_94d51718,trp_db8edb3f,usr_dc888b66,viewer,2026-03-04T10:00:00+05:30,1,usr_d20b2a69,active,2026-08-18T10:00:00+05:30
tmb_fbecce13,trp_db8edb3f,usr_bc4b67f6,editor,2026-07-23T10:00:00+05:30,1,usr_d20b2a69,active,2026-08-18T10:00:00+05:30
tmb_3f6ab631,trp_fd96ecd9,usr_b452b228,owner,2026-05-03T10:00:00+05:30,1,,active,2026-08-18T10:00:00+05:30
tmb_535f5dab,trp_a22b16f6,usr_6feac3d4,owner,2026-06-19T10:00:00+05:30,1,,active,2026-08-18T10:00:00+05:30
tmb_af7b8197,trp_a22b16f6,usr_6a108f4e,viewer,2026-08-07T10:00:00+05:30,1,usr_6feac3d4,active,2026-08-18T10:00:00+05:30
tmb_52af9061,trp_aa498437,usr_e2966606,owner,2026-05-10T10:00:00+05:30,1,,active,2026-08-18T10:00:00+05:30
tmb_91c2ef92,trp_70ac83bf,usr_b021d103,owner,2026-03-30T10:00:00+05:30,1,,active,2026-08-18T10:00:00+05:30
tmb_58e1e207,trp_10a5cdc9,usr_58d2b52f,owner,2026-06-24T10:00:00+05:30,1,,active,2026-08-18T10:00:00+05:30
tmb_52c4f8bb,trp_997cc8cc,usr_d7bc2e8d,owner,2026-05-11T10:00:00+05:30,1,,active,2026-08-18T10:00:00+05:30
tmb_76953428,trp_997cc8cc,usr_6d4dd52b,editor,2026-06-10T10:00:00+05:30,0.5,usr_d7bc2e8d,active,2026-08-18T10:00:00+05:30
tmb_de693899,trp_997cc8cc,usr_e076a69d,editor,2026-06-08T10:00:00+05:30,0.5,usr_d7bc2e8d,active,2026-08-18T10:00:00+05:30
tmb_c9f29bbf,trp_997cc8cc,usr_c0926c78,viewer,2026-04-03T10:00:00+05:30,1,usr_d7bc2e8d,active,2026-08-18T10:00:00+05:30
tmb_e31f0533,trp_0c34e3f4,usr_c94b68cc,owner,2026-02-26T10:00:00+05:30,1,,active,2026-08-18T10:00:00+05:30
tmb_d70708fb,trp_0c34e3f4,usr_41431693,editor,2026-05-03T10:00:00+05:30,0.5,usr_c94b68cc,active,2026-08-18T10:00:00+05:30
tmb_0229cf3f,trp_0c34e3f4,usr_b829ab46,viewer,2026-06-27T10:00:00+05:30,1,usr_c94b68cc,active,2026-08-18T10:00:00+05:30
tmb_aa7241f2,trp_0c34e3f4,usr_4d83499f,viewer,2026-05-26T10:00:00+05:30,2,usr_c94b68cc,active,2026-08-18T10:00:00+05:30
tmb_6f712d28,trp_0c34e3f4,usr_c24f45f3,editor,2026-06-30T10:00:00+05:30,1,usr_c94b68cc,active,2026-08-18T10:00:00+05:30
tmb_08114427,trp_0c34e3f4,usr_7101a5b5,editor,2026-08-02T10:00:00+05:30,1,usr_c94b68cc,active,2026-08-18T10:00:00+05:30
tmb_56f7df0c,trp_fefb6d73,usr_4b9412c5,owner,2026-02-14T10:00:00+05:30,1,,active,2026-08-18T10:00:00+05:30
tmb_ded96542,trp_520dc671,usr_74ed32ff,owner,2026-04-14T10:00:00+05:30,1,,active,2026-08-18T10:00:00+05:30
tmb_ffd7897a,trp_520dc671,usr_60c3a39a,editor,2026-03-14T10:00:00+05:30,1,usr_74ed32ff,active,2026-08-18T10:00:00+05:30
tmb_a8371f25,trp_520dc671,usr_a0f188fa,viewer,2026-07-22T10:00:00+05:30,2,usr_74ed32ff,active,2026-08-18T10:00:00+05:30
tmb_bbcd537a,trp_520dc671,usr_d0d42055,editor,2026-04-30T10:00:00+05:30,1,usr_74ed32ff,active,2026-08-18T10:00:00+05:30
tmb_bca73cd1,trp_8cceaae7,usr_32a5a217,owner,2026-06-15T10:00:00+05:30,1,,active,2026-08-18T10:00:00+05:30
tmb_34f72ccb,trp_26ad6ac9,usr_da5d7284,owner,2026-07-01T10:00:00+05:30,1,,active,2026-08-18T10:00:00+05:30
tmb_84961152,trp_26ad6ac9,usr_bbf1e497,editor,2026-08-13T10:00:00+05:30,0.5,usr_da5d7284,active,2026-08-18T10:00:00+05:30
tmb_5ba8d442,trp_26ad6ac9,usr_04abf061,viewer,2026-08-01T10:00:00+05:30,1,usr_da5d7284,active,2026-08-18T10:00:00+05:30
tmb_fc684a63,trp_26ad6ac9,usr_47f43984,viewer,2026-05-12T10:00:00+05:30,1,usr_da5d7284,active,2026-08-18T10:00:00+05:30
tmb_50facaed,trp_26ad6ac9,usr_b4b6a1a5,editor,2026-06-20T10:00:00+05:30,0.5,usr_da5d7284,active,2026-08-18T10:00:00+05:30
tmb_c168b1bf,trp_4b9e6595,usr_f271c461,owner,2026-04-27T10:00:00+05:30,1,,active,2026-08-18T10:00:00+05:30
tmb_20747a53,trp_9e0e3864,usr_bc9d20fa,owner,2026-06-28T10:00:00+05:30,1,,active,2026-08-18T10:00:00+05:30
tmb_e997ba9d,trp_67a041ab,usr_8fe264b1,owner,2026-06-26T10:00:00+05:30,1,,active,2026-08-18T10:00:00+05:30
tmb_4049627a,trp_2fee6106,usr_dcf3a4ae,owner,2026-04-08T10:00:00+05:30,1,,active,2026-08-18T10:00:00+05:30
tmb_27ef9223,trp_ca5546b3,usr_bbd1ced8,owner,2026-06-13T10:00:00+05:30,1,,active,2026-08-18T10:00:00+05:30
tmb_14f9c014,trp_34f84795,usr_8e84ba7a,owner,2026-05-08T10:00:00+05:30,1,,active,2026-08-18T10:00:00+05:30
tmb_4ba336a1,trp_34f84795,usr_7faf6134,editor,2026-06-02T10:00:00+05:30,1,usr_8e84ba7a,inactive,2026-08-18T10:00:00+05:30
tmb_eb5043f5,trp_34f84795,usr_53cbafa7,editor,2026-05-14T10:00:00+05:30,1,usr_8e84ba7a,active,2026-08-18T10:00:00+05:30
tmb_f3624c36,trp_cb6840c6,usr_05306731,owner,2026-07-07T10:00:00+05:30,1,,active,2026-08-18T10:00:00+05:30
tmb_e140f909,trp_cb6840c6,usr_e2966606,viewer,2026-05-03T10:00:00+05:30,0.5,usr_05306731,active,2026-08-18T10:00:00+05:30
tmb_1895380a,trp_6b3bd54e,usr_7796e5e8,owner,2026-07-14T10:00:00+05:30,1,,active,2026-08-18T10:00:00+05:30
tmb_9256145b,trp_6b3bd54e,usr_68f5f82d,editor,2026-03-08T10:00:00+05:30,1,usr_7796e5e8,active,2026-08-18T10:00:00+05:30
tmb_8e1474d0,trp_6b3bd54e,usr_0551c67a,editor,2026-06-05T10:00:00+05:30,0.5,usr_7796e5e8,active,2026-08-18T10:00:00+05:30
tmb_720e7a7d,trp_6b3bd54e,usr_1501196b,viewer,2026-05-21T10:00:00+05:30,1,usr_7796e5e8,active,2026-08-18T10:00:00+05:30
tmb_63dc8d5f,trp_0e4afde6,usr_0b8f3bdc,owner,2026-03-12T10:00:00+05:30,1,,active,2026-08-18T10:00:00+05:30
tmb_eca2f6f6,trp_bd69fea3,usr_70139660,owner,2026-04-21T10:00:00+05:30,1,,active,2026-08-18T10:00:00+05:30
tmb_2ff7291a,trp_89b7c125,usr_78afc45f,owner,2026-05-21T10:00:00+05:30,1,,active,2026-08-18T10:00:00+05:30
tmb_26c7cf69,trp_bc0dd54e,usr_b9d5e7c6,owner,2026-05-06T10:00:00+05:30,1,,active,2026-08-18T10:00:00+05:30
tmb_96ce0c97,trp_bc0dd54e,usr_77cc5104,viewer,2026-06-05T10:00:00+05:30,1,usr_b9d5e7c6,active,2026-08-18T10:00:00+05:30
tmb_e61f18f9,trp_bc0dd54e,usr_a352fc16,editor,2026-04-06T10:00:00+05:30,0.5,usr_b9d5e7c6,active,2026-08-18T10:00:00+05:30
tmb_76f4abf9,trp_bc0dd54e,usr_2bd5e70b,editor,2026-08-02T10:00:00+05:30,1,usr_b9d5e7c6,active,2026-08-18T10:00:00+05:30
tmb_1b8fcb23,trp_bc0dd54e,usr_9474016b,editor,2026-07-06T10:00:00+05:30,0.5,usr_b9d5e7c6,active,2026-08-18T10:00:00+05:30
tmb_4390d920,trp_bc0dd54e,usr_5ffc5ee5,editor,2026-03-06T10:00:00+05:30,2,usr_b9d5e7c6,active,2026-08-18T10:00:00+05:30
tmb_22ee36c2,trp_3a3fe157,usr_6c3fae7b,owner,2026-06-02T10:00:00+05:30,1,,active,2026-08-18T10:00:00+05:30
tmb_69cba8fb,trp_844f6374,usr_5c20b1bf,owner,2026-06-17T10:00:00+05:30,1,,active,2026-08-18T10:00:00+05:30
tmb_1ed0254a,trp_634a2f2f,usr_91afdeed,owner,2026-04-04T10:00:00+05:30,1,,active,2026-08-18T10:00:00+05:30
tmb_2fb11825,trp_634a2f2f,usr_bf89afd1,editor,2026-05-30T10:00:00+05:30,2,usr_91afdeed,active,2026-08-18T10:00:00+05:30
tmb_87dce4a8,trp_634a2f2f,usr_671138ff,editor,2026-05-20T10:00:00+05:30,2,usr_91afdeed,active,2026-08-18T10:00:00+05:30
tmb_763ad715,trp_bbf16dcd,usr_2209582f,owner,2026-04-12T10:00:00+05:30,1,,active,2026-08-18T10:00:00+05:30
tmb_c7e724d2,trp_bbf16dcd,usr_8317ab30,editor,2026-07-25T10:00:00+05:30,1,usr_2209582f,active,2026-08-18T10:00:00+05:30
tmb_016e49ae,trp_bbf16dcd,usr_7cb81b2c,editor,2026-05-10T10:00:00+05:30,2,usr_2209582f,active,2026-08-18T10:00:00+05:30
tmb_4d1e209e,trp_bbf16dcd,usr_b831f448,editor,2026-06-16T10:00:00+05:30,1,usr_2209582f,inactive,2026-08-18T10:00:00+05:30
tmb_3fe703dc,trp_bbf16dcd,usr_8f81432c,viewer,2026-04-29T10:00:00+05:30,1,usr_2209582f,active,2026-08-18T10:00:00+05:30
tmb_22d0d380,trp_bbf16dcd,usr_4f7fc3a8,editor,2026-08-05T10:00:00+05:30,0.5,usr_2209582f,active,2026-08-18T10:00:00+05:30
tmb_db5ea5b7,trp_0eaece39,usr_67d03584,owner,2026-03-27T10:00:00+05:30,1,,active,2026-08-18T10:00:00+05:30
tmb_51c28cbf,trp_0eaece39,usr_cb3be250,viewer,2026-06-06T10:00:00+05:30,1,usr_67d03584,active,2026-08-18T10:00:00+05:30
tmb_db55197e,trp_0eaece39,usr_acbd09a0,editor,2026-04-25T10:00:00+05:30,2,usr_67d03584,active,2026-08-18T10:00:00+05:30
tmb_c5751017,trp_0eaece39,usr_20ea4b19,editor,2026-07-13T10:00:00+05:30,1,usr_67d03584,active,2026-08-18T10:00:00+05:30
tmb_3eccd27c,trp_0eaece39,usr_22a9ab26,editor,2026-05-22T10:00:00+05:30,0.5,usr_67d03584,active,2026-08-18T10:00:00+05:30
tmb_3b15b071,trp_0eaece39,usr_0b483652,viewer,2026-03-16T10:00:00+05:30,1,usr_67d03584,active,2026-08-18T10:00:00+05:30
tmb_9496c0e4,trp_c39c8f75,usr_0deee6d9,owner,2026-07-04T10:00:00+05:30,1,,active,2026-08-18T10:00:00+05:30
tmb_dce7dde1,trp_c39c8f75,usr_7f26d855,viewer,2026-06-22T10:00:00+05:30,1,usr_0deee6d9,active,2026-08-18T10:00:00+05:30
tmb_262320ed,trp_c39c8f75,usr_0f63f4f1,viewer,2026-04-19T10:00:00+05:30,1,usr_0deee6d9,active,2026-08-18T10:00:00+05:30
tmb_11cf0d42,trp_c39c8f75,usr_7d446287,viewer,2026-03-30T10:00:00+05:30,1,usr_0deee6d9,active,2026-08-18T10:00:00+05:30
tmb_97758b8e,trp_c2089a00,usr_1dc66e29,owner,2026-05-12T10:00:00+05:30,1,,active,2026-08-18T10:00:00+05:30
tmb_0a5d970a,trp_73e63df2,usr_3b2b4279,owner,2026-04-17T10:00:00+05:30,1,,active,2026-08-18T10:00:00+05:30
tmb_a9a88fb7,trp_c59e8ff4,usr_33bed572,owner,2026-04-29T10:00:00+05:30,1,,active,2026-08-18T10:00:00+05:30
tmb_e2f0dadc,trp_299b74ad,usr_be1c9458,owner,2026-02-11T10:00:00+05:30,1,,active,2026-08-18T10:00:00+05:30
tmb_9693bf62,trp_299b74ad,usr_d89a661b,viewer,2026-04-20T10:00:00+05:30,1,usr_be1c9458,active,2026-08-18T10:00:00+05:30
tmb_7584d7a1,trp_299b74ad,usr_956481cd,editor,2026-04-27T10:00:00+05:30,1,usr_be1c9458,active,2026-08-18T10:00:00+05:30
tmb_216a3594,trp_299b74ad,usr_225fd2f9,editor,2026-08-10T10:00:00+05:30,0.5,usr_be1c9458,active,2026-08-18T10:00:00+05:30
tmb_f6730e8f,trp_299b74ad,usr_05c1346c,viewer,2026-03-21T10:00:00+05:30,2,usr_be1c9458,active,2026-08-18T10:00:00+05:30
tmb_c7371e7e,trp_299b74ad,usr_2a348485,viewer,2026-07-16T10:00:00+05:30,1,usr_be1c9458,inactive,2026-08-18T10:00:00+05:30
tmb_2206de24,trp_6579c710,usr_c24f45f3,owner,2026-03-12T10:00:00+05:30,1,,active,2026-08-18T10:00:00+05:30
tmb_8a7fba4d,trp_6579c710,usr_ee57ec9a,editor,2026-04-07T10:00:00+05:30,2,usr_c24f45f3,active,2026-08-18T10:00:00+05:30
tmb_f7a42762,trp_6579c710,usr_d1c73fb8,editor,2026-02-21T10:00:00+05:30,1,usr_c24f45f3,active,2026-08-18T10:00:00+05:30
tmb_2523dfe6,trp_6579c710,usr_87b11a4d,viewer,2026-03-30T10:00:00+05:30,1,usr_c24f45f3,active,2026-08-18T10:00:00+05:30
tmb_391058be,trp_6579c710,usr_7d0ce609,editor,2026-04-04T10:00:00+05:30,0.5,usr_c24f45f3,active,2026-08-18T10:00:00+05:30
tmb_fa8785f1,trp_9f0e2c12,usr_ee57ec9a,owner,2026-05-13T10:00:00+05:30,1,,active,2026-08-18T10:00:00+05:30
tmb_b1bed46c,trp_ca70f1c6,usr_b50df034,owner,2026-02-14T10:00:00+05:30,1,,active,2026-08-18T10:00:00+05:30
tmb_5d13d499,trp_5f84d260,usr_5307f01f,owner,2026-05-10T10:00:00+05:30,1,,active,2026-08-18T10:00:00+05:30
tmb_bc58545a,trp_2f330bc2,usr_63531f2d,owner,2026-02-01T10:00:00+05:30,1,,active,2026-08-18T10:00:00+05:30
tmb_4f9e1430,trp_2f330bc2,usr_51983e08,editor,2026-05-21T10:00:00+05:30,1,usr_63531f2d,inactive,2026-08-18T10:00:00+05:30
tmb_773571cb,trp_3b4b53a6,usr_8846d546,owner,2026-04-28T10:00:00+05:30,1,,active,2026-08-18T10:00:00+05:30
tmb_9a6fc963,trp_3b4b53a6,usr_0021edc6,editor,2026-03-01T10:00:00+05:30,1,usr_8846d546,active,2026-08-18T10:00:00+05:30
tmb_102eb5ed,trp_3b4b53a6,usr_b2adbbfa,editor,2026-03-22T10:00:00+05:30,1,usr_8846d546,active,2026-08-18T10:00:00+05:30
tmb_2f7d947b,trp_42b0f9e2,usr_e0853a17,owner,2026-06-21T10:00:00+05:30,1,,active,2026-08-18T10:00:00+05:30
tmb_6ed65afb,trp_42b0f9e2,usr_428c2df2,viewer,2026-03-14T10:00:00+05:30,1,usr_e0853a17,active,2026-08-18T10:00:00+05:30
tmb_55c0e1b1,trp_8ec37f48,usr_13fe39d3,owner,2026-04-04T10:00:00+05:30,1,,active,2026-08-18T10:00:00+05:30
tmb_7bb6729b,trp_1bb1485b,usr_7101a5b5,owner,2026-02-14T10:00:00+05:30,1,,active,2026-08-18T10:00:00+05:30
tmb_37a25ce9,trp_1bb1485b,usr_d245dd5d,editor,2026-06-08T10:00:00+05:30,1,usr_7101a5b5,active,2026-08-18T10:00:00+05:30
tmb_fa985d1d,trp_1bb1485b,usr_67ff2106,editor,2026-07-29T10:00:00+05:30,1,usr_7101a5b5,active,2026-08-18T10:00:00+05:30
tmb_0288a3da,trp_1bb1485b,usr_2dfc4f4b,editor,2026-08-03T10:00:00+05:30,2,usr_7101a5b5,active,2026-08-18T10:00:00+05:30
tmb_9c06cef6,trp_1bb1485b,usr_d032c2ca,editor,2026-03-05T10:00:00+05:30,1,usr_7101a5b5,active,2026-08-18T10:00:00+05:30
tmb_09750c94,trp_1bb1485b,usr_0567fe37,editor,2026-06-05T10:00:00+05:30,1,usr_7101a5b5,active,2026-08-18T10:00:00+05:30
tmb_ac15be0d,trp_12961d3c,usr_dc032205,owner,2026-02-04T10:00:00+05:30,1,,active,2026-08-18T10:00:00+05:30
tmb_b7e4146a,trp_12961d3c,usr_a9008871,editor,2026-06-12T10:00:00+05:30,0.5,usr_dc032205,active,2026-08-18T10:00:00+05:30
tmb_6f88cd8f,trp_12961d3c,usr_81ed406f,editor,2026-05-01T10:00:00+05:30,0.5,usr_dc032205,active,2026-08-18T10:00:00+05:30
tmb_3ba28d15,trp_12961d3c,usr_a93726c0,viewer,2026-04-06T10:00:00+05:30,0.5,usr_dc032205,active,2026-08-18T10:00:00+05:30
tmb_0318412f,trp_411ac676,usr_88af6903,owner,2026-06-12T10:00:00+05:30,1,,active,2026-08-18T10:00:00+05:30
tmb_5288cc49,trp_75b9d7b8,usr_ae35e63d,owner,2026-02-07T10:00:00+05:30,1,,active,2026-08-18T10:00:00+05:30
tmb_ac0c0582,trp_75b9d7b8,usr_895960e2,viewer,2026-03-29T10:00:00+05:30,1,usr_ae35e63d,active,2026-08-18T10:00:00+05:30
tmb_3f3f4208,trp_d46d667f,usr_e6dca418,owner,2026-04-21T10:00:00+05:30,1,,active,2026-08-18T10:00:00+05:30
tmb_7e119c2e,trp_d46d667f,usr_87dbc172,viewer,2026-08-02T10:00:00+05:30,0.5,usr_e6dca418,active,2026-08-18T10:00:00+05:30
tmb_6eca214d,trp_d46d667f,usr_8e51dcb0,editor,2026-06-26T10:00:00+05:30,2,usr_e6dca418,active,2026-08-18T10:00:00+05:30
tmb_6490eeee,trp_d46d667f,usr_e2ca58e8,editor,2026-04-28T10:00:00+05:30,1,usr_e6dca418,active,2026-08-18T10:00:00+05:30
tmb_96402810,trp_d46d667f,usr_ce269698,editor,2026-07-08T10:00:00+05:30,2,usr_e6dca418,active,2026-08-18T10:00:00+05:30
tmb_058fd009,trp_d46d667f,usr_a9e888d0,editor,2026-04-27T10:00:00+05:30,2,usr_e6dca418,inactive,2026-08-18T10:00:00+05:30
tmb_1c2c7c6d,trp_4e648420,usr_dc1bd238,owner,2026-04-20T10:00:00+05:30,1,,active,2026-08-18T10:00:00+05:30
tmb_91aa941b,trp_d17c30b0,usr_268fdb85,owner,2026-06-08T10:00:00+05:30,1,,active,2026-08-18T10:00:00+05:30
tmb_20350ca0,trp_d17c30b0,usr_fedbd227,editor,2026-04-14T10:00:00+05:30,1,usr_268fdb85,active,2026-08-18T10:00:00+05:30
tmb_1a259596,trp_d17c30b0,usr_2fc3b9a7,editor,2026-05-01T10:00:00+05:30,1,usr_268fdb85,active,2026-08-18T10:00:00+05:30
tmb_e6726696,trp_d17c30b0,usr_57890fbe,editor,2026-06-19T10:00:00+05:30,2,usr_268fdb85,active,2026-08-18T10:00:00+05:30
tmb_470635e5,trp_d17c30b0,usr_1501196b,editor,2026-08-08T10:00:00+05:30,1,usr_268fdb85,active,2026-08-18T10:00:00+05:30
tmb_773b4111,trp_d17c30b0,usr_af17aeaa,viewer,2026-03-06T10:00:00+05:30,2,usr_268fdb85,active,2026-08-18T10:00:00+05:30
tmb_969cbb12,trp_37763b22,usr_34f98272,owner,2026-06-09T10:00:00+05:30,1,,active,2026-08-18T10:00:00+05:30
tmb_2d218fae,trp_19a962e4,usr_76ac5087,owner,2026-05-13T10:00:00+05:30,1,,active,2026-08-18T10:00:00+05:30
tmb_89552b90,trp_d98bd293,usr_d8024b62,owner,2026-02-17T10:00:00+05:30,1,,active,2026-08-18T10:00:00+05:30
tmb_9fedd338,trp_4950beba,usr_520d9624,owner,2026-06-22T10:00:00+05:30,1,,active,2026-08-18T10:00:00+05:30
tmb_6aff8935,trp_4950beba,usr_053e7434,viewer,2026-03-01T10:00:00+05:30,1,usr_520d9624,active,2026-08-18T10:00:00+05:30
tmb_3da87658,trp_0bf61ffe,usr_596ee95d,owner,2026-06-27T10:00:00+05:30,1,,active,2026-08-18T10:00:00+05:30
tmb_846ab461,trp_0cf04e06,usr_9cb9eedc,owner,2026-07-07T10:00:00+05:30,1,,active,2026-08-18T10:00:00+05:30
tmb_0a2ad08d,trp_6ff162fb,usr_4787696f,owner,2026-02-12T10:00:00+05:30,1,,active,2026-08-18T10:00:00+05:30
tmb_28280116,trp_f61c2fce,usr_e7b2dd09,owner,2026-07-17T10:00:00+05:30,1,,active,2026-08-18T10:00:00+05:30
tmb_cb20f81c,trp_57a36f81,usr_aaf1c470,owner,2026-04-27T10:00:00+05:30,1,,active,2026-08-18T10:00:00+05:30
tmb_33d26397,trp_82116fda,usr_07f03d4c,owner,2026-02-22T10:00:00+05:30,1,,active,2026-08-18T10:00:00+05:30
tmb_0bb68d5d,trp_f57f5855,usr_5b0e5805,owner,2026-06-06T10:00:00+05:30,1,,active,2026-08-18T10:00:00+05:30
tmb_f0d7b31f,trp_f57f5855,usr_8f32fd7a,viewer,2026-04-25T10:00:00+05:30,1,usr_5b0e5805,inactive,2026-08-18T10:00:00+05:30
tmb_35c4d839,trp_f57f5855,usr_a0588479,editor,2026-06-14T10:00:00+05:30,0.5,usr_5b0e5805,active,2026-08-18T10:00:00+05:30
tmb_64017d55,trp_f57f5855,usr_d848a275,editor,2026-08-07T10:00:00+05:30,0.5,usr_5b0e5805,active,2026-08-18T10:00:00+05:30
tmb_7d40b674,trp_00dab028,usr_b831f448,owner,2026-06-13T10:00:00+05:30,1,,active,2026-08-18T10:00:00+05:30
tmb_b14ffbfd,trp_00dab028,usr_fe056e56,editor,2026-04-12T10:00:00+05:30,1,usr_b831f448,active,2026-08-18T10:00:00+05:30
tmb_c0fbca6e,trp_df3f7a38,usr_b83115d3,owner,2026-04-18T10:00:00+05:30,1,,active,2026-08-18T10:00:00+05:30
tmb_5f5f0d3a,trp_2f814928,usr_2b7e8931,owner,2026-06-20T10:00:00+05:30,1,,active,2026-08-18T10:00:00+05:30
tmb_d28717eb,trp_8adc5179,usr_d312cbff,owner,2026-03-25T10:00:00+05:30,1,,active,2026-08-18T10:00:00+05:30
tmb_2978a2f3,trp_4171ee4e,usr_7af1e427,owner,2026-06-26T10:00:00+05:30,1,,active,2026-08-18T10:00:00+05:30
tmb_8b3ac18e,trp_cfa5ee66,usr_c8025f92,owner,2026-02-07T10:00:00+05:30,1,,active,2026-08-18T10:00:00+05:30
tmb_8fd0a405,trp_604a54fd,usr_76c235d5,owner,2026-06-02T10:00:00+05:30,1,,active,2026-08-18T10:00:00+05:30
tmb_108b48de,trp_e31ab00a,usr_0e9166f0,owner,2026-05-11T10:00:00+05:30,1,,active,2026-08-18T10:00:00+05:30
tmb_7227c902,trp_2a380c8a,usr_8700ba48,owner,2026-02-01T10:00:00+05:30,1,,active,2026-08-18T10:00:00+05:30
tmb_197c928a,trp_10f1523f,usr_04b21637,owner,2026-03-07T10:00:00+05:30,1,,active,2026-08-18T10:00:00+05:30
tmb_b44cefbe,trp_10f1523f,usr_45175b03,editor,2026-04-01T10:00:00+05:30,1,usr_04b21637,active,2026-08-18T10:00:00+05:30
tmb_9ffda54d,trp_07ee6d2b,usr_24f139e5,owner,2026-02-01T10:00:00+05:30,1,,active,2026-08-18T10:00:00+05:30
tmb_101c4bb2,trp_07ee6d2b,usr_157e58e7,viewer,2026-04-12T10:00:00+05:30,0.5,usr_24f139e5,active,2026-08-18T10:00:00+05:30
tmb_469ad85d,trp_776da560,usr_1f2ffeef,owner,2026-04-15T10:00:00+05:30,1,,active,2026-08-18T10:00:00+05:30
tmb_2caacd75,trp_776da560,usr_6479c45c,editor,2026-03-04T10:00:00+05:30,1,usr_1f2ffeef,active,2026-08-18T10:00:00+05:30
tmb_01a4df81,trp_776da560,usr_7101a5b5,editor,2026-03-06T10:00:00+05:30,1,usr_1f2ffeef,active,2026-08-18T10:00:00+05:30
tmb_7a4fbb16,trp_776da560,usr_ea479c41,editor,2026-03-06T10:00:00+05:30,1,usr_1f2ffeef,active,2026-08-18T10:00:00+05:30
tmb_eb540114,trp_776da560,usr_4012e3f7,editor,2026-06-18T10:00:00+05:30,1,usr_1f2ffeef,active,2026-08-18T10:00:00+05:30
tmb_db4eabb8,trp_e53d9a08,usr_9c28ee85,owner,2026-02-25T10:00:00+05:30,1,,active,2026-08-18T10:00:00+05:30
tmb_de8d6e40,trp_cef915ff,usr_7796e5e8,owner,2026-03-08T10:00:00+05:30,1,,active,2026-08-18T10:00:00+05:30
tmb_0cd04022,trp_dbe8a03a,usr_62b3f8b8,owner,2026-04-02T10:00:00+05:30,1,,active,2026-08-18T10:00:00+05:30
tmb_31cf6c8b,trp_c946e9df,usr_d245dd5d,owner,2026-04-05T10:00:00+05:30,1,,active,2026-08-18T10:00:00+05:30
tmb_b2f0d3d2,trp_03ce3598,usr_e0853a17,owner,2026-05-20T10:00:00+05:30,1,,active,2026-08-18T10:00:00+05:30
tmb_d52c265f,trp_f6a466fb,usr_90a46b92,owner,2026-04-09T10:00:00+05:30,1,,active,2026-08-18T10:00:00+05:30
tmb_ad699059,trp_f6a466fb,usr_afaebefa,editor,2026-07-05T10:00:00+05:30,1,usr_90a46b92,active,2026-08-18T10:00:00+05:30
tmb_a6cbf46a,trp_f6a466fb,usr_3127972d,editor,2026-05-20T10:00:00+05:30,1,usr_90a46b92,active,2026-08-18T10:00:00+05:30
tmb_ac7570e8,trp_f6a466fb,usr_6dabe38f,editor,2026-03-29T10:00:00+05:30,1,usr_90a46b92,active,2026-08-18T10:00:00+05:30
tmb_ae15e25a,trp_f9407f9b,usr_98a69060,owner,2026-07-14T10:00:00+05:30,1,,active,2026-08-18T10:00:00+05:30
tmb_0ee5d209,trp_45ab4600,usr_541840e2,owner,2026-06-13T10:00:00+05:30,1,,active,2026-08-18T10:00:00+05:30
tmb_d122b009,trp_bd664180,usr_6479c45c,owner,2026-02-21T10:00:00+05:30,1,,active,2026-08-18T10:00:00+05:30
tmb_2bbd8a15,trp_bd664180,usr_1805266d,editor,2026-06-14T10:00:00+05:30,0.5,usr_6479c45c,active,2026-08-18T10:00:00+05:30
tmb_ef1b9c73,trp_bd664180,usr_25c3664e,viewer,2026-03-07T10:00:00+05:30,0.5,usr_6479c45c,inactive,2026-08-18T10:00:00+05:30
tmb_112ea956,trp_bd664180,usr_a8caec17,editor,2026-03-29T10:00:00+05:30,1,usr_6479c45c,active,2026-08-18T10:00:00+05:30
tmb_4b5013d8,trp_bd664180,usr_268fdb85,editor,2026-07-03T10:00:00+05:30,1,usr_6479c45c,active,2026-08-18T10:00:00+05:30
tmb_814c681f,trp_bd664180,usr_2bd5e70b,editor,2026-08-06T10:00:00+05:30,1,usr_6479c45c,active,2026-08-18T10:00:00+05:30
tmb_c1557072,trp_924dd4a3,usr_2109396c,owner,2026-05-04T10:00:00+05:30,1,,active,2026-08-18T10:00:00+05:30
tmb_7da0f87d,trp_924dd4a3,usr_aef2d4f6,editor,2026-08-11T10:00:00+05:30,1,usr_2109396c,active,2026-08-18T10:00:00+05:30
tmb_e76c6abf,trp_81b0e4f1,usr_e2490a9e,owner,2026-06-14T10:00:00+05:30,1,,active,2026-08-18T10:00:00+05:30
tmb_2fe09cb2,trp_d2c39f89,usr_45175b03,owner,2026-05-21T10:00:00+05:30,1,,active,2026-08-18T10:00:00+05:30
tmb_ddfe920b,trp_d2c39f89,usr_60cacdee,editor,2026-06-14T10:00:00+05:30,1,usr_45175b03,active,2026-08-18T10:00:00+05:30
tmb_20ec4c21,trp_d2c39f89,usr_544eff67,editor,2026-07-24T10:00:00+05:30,1,usr_45175b03,active,2026-08-18T10:00:00+05:30
tmb_9e96d00b,trp_d2c39f89,usr_5e289429,viewer,2026-06-22T10:00:00+05:30,1,usr_45175b03,active,2026-08-18T10:00:00+05:30
tmb_08527d2b,trp_d2c39f89,usr_ba8453d8,viewer,2026-05-22T10:00:00+05:30,0.5,usr_45175b03,active,2026-08-18T10:00:00+05:30
tmb_b71f1fbd,trp_f9b54c2c,usr_196ca537,owner,2026-02-14T10:00:00+05:30,1,,active,2026-08-18T10:00:00+05:30
tmb_dd56083c,trp_f9b54c2c,usr_1ef037a0,editor,2026-08-13T10:00:00+05:30,1,usr_196ca537,active,2026-08-18T10:00:00+05:30
tmb_6ad9f00a,trp_f9b54c2c,usr_9976417a,viewer,2026-03-02T10:00:00+05:30,0.5,usr_196ca537,active,2026-08-18T10:00:00+05:30
tmb_70e679b8,trp_f9b54c2c,usr_c010ce3c,viewer,2026-04-14T10:00:00+05:30,1,usr_196ca537,active,2026-08-18T10:00:00+05:30
tmb_09219edd,trp_f9b54c2c,usr_c41a26c3,viewer,2026-04-04T10:00:00+05:30,2,usr_196ca537,active,2026-08-18T10:00:00+05:30
tmb_099a81f7,trp_f9b54c2c,usr_48a9da2b,viewer,2026-02-25T10:00:00+05:30,2,usr_196ca537,active,2026-08-18T10:00:00+05:30
tmb_24afa9bf,trp_89ad1eee,usr_8ddbc4ab,owner,2026-02-08T10:00:00+05:30,1,,active,2026-08-18T10:00:00+05:30
tmb_8226c215,trp_89ad1eee,usr_db93de1b,editor,2026-05-25T10:00:00+05:30,1,usr_8ddbc4ab,active,2026-08-18T10:00:00+05:30
tmb_fbed1ab7,trp_89ad1eee,usr_712600f0,editor,2026-04-16T10:00:00+05:30,1,usr_8ddbc4ab,active,2026-08-18T10:00:00+05:30
tmb_009d422b,trp_89ad1eee,usr_e47b6104,editor,2026-04-16T10:00:00+05:30,1,usr_8ddbc4ab,active,2026-08-18T10:00:00+05:30
tmb_7da2c195,trp_7f4c80ca,usr_3ccdc15e,owner,2026-06-29T10:00:00+05:30,1,,active,2026-08-18T10:00:00+05:30
tmb_2accb00a,trp_7f4c80ca,usr_9a512200,editor,2026-03-28T10:00:00+05:30,2,usr_3ccdc15e,active,2026-08-18T10:00:00+05:30
tmb_62590a7c,trp_7f4c80ca,usr_50bced56,editor,2026-07-31T10:00:00+05:30,1,usr_3ccdc15e,active,2026-08-18T10:00:00+05:30
tmb_7ee367a3,trp_7f4c80ca,usr_5d8450f0,editor,2026-04-24T10:00:00+05:30,0.5,usr_3ccdc15e,active,2026-08-18T10:00:00+05:30
tmb_66e502fe,trp_7f4c80ca,usr_3134253d,viewer,2026-04-03T10:00:00+05:30,0.5,usr_3ccdc15e,active,2026-08-18T10:00:00+05:30
tmb_9b942b2a,trp_7f4c80ca,usr_1f3d6d92,editor,2026-06-29T10:00:00+05:30,1,usr_3ccdc15e,active,2026-08-18T10:00:00+05:30
tmb_e97bf41a,trp_97869c6a,usr_67de0711,owner,2026-06-13T10:00:00+05:30,1,,active,2026-08-18T10:00:00+05:30
tmb_d1d2ea2d,trp_360afa3a,usr_1886c078,owner,2026-05-20T10:00:00+05:30,1,,active,2026-08-18T10:00:00+05:30
tmb_38ade2de,trp_8b6125c3,usr_2c93ab7f,owner,2026-02-07T10:00:00+05:30,1,,active,2026-08-18T10:00:00+05:30
tmb_623813da,trp_f25ef2fa,usr_322bb31e,owner,2026-05-26T10:00:00+05:30,1,,active,2026-08-18T10:00:00+05:30
tmb_4b0e20f8,trp_f25ef2fa,usr_80a41666,editor,2026-04-17T10:00:00+05:30,1,usr_322bb31e,inactive,2026-08-18T10:00:00+05:30
tmb_602454fd,trp_f25ef2fa,usr_02d5e350,editor,2026-03-15T10:00:00+05:30,1,usr_322bb31e,active,2026-08-18T10:00:00+05:30
tmb_e96e68dd,trp_f25ef2fa,usr_c010ce3c,editor,2026-06-29T10:00:00+05:30,1,usr_322bb31e,active,2026-08-18T10:00:00+05:30
tmb_d7472058,trp_f25ef2fa,usr_8e89346c,editor,2026-06-29T10:00:00+05:30,1,usr_322bb31e,active,2026-08-18T10:00:00+05:30
tmb_8296c24b,trp_db7b894e,usr_a5077371,owner,2026-05-13T10:00:00+05:30,1,,active,2026-08-18T10:00:00+05:30
tmb_2c3102dc,trp_db7b894e,usr_fc8fd348,editor,2026-04-05T10:00:00+05:30,1,usr_a5077371,active,2026-08-18T10:00:00+05:30
tmb_9b33b7e2,trp_08207645,usr_cb3be250,owner,2026-06-10T10:00:00+05:30,1,,active,2026-08-18T10:00:00+05:30
tmb_f58991e4,trp_08207645,usr_6653b49e,viewer,2026-07-15T10:00:00+05:30,1,usr_cb3be250,active,2026-08-18T10:00:00+05:30
tmb_0fcb10c6,trp_08207645,usr_a9e888d0,viewer,2026-07-15T10:00:00+05:30,2,usr_cb3be250,active,2026-08-18T10:00:00+05:30
tmb_b36ac0c7,trp_08207645,usr_5b790166,editor,2026-04-12T10:00:00+05:30,2,usr_cb3be250,active,2026-08-18T10:00:00+05:30
tmb_1fced7d7,trp_08207645,usr_7b318031,editor,2026-08-02T10:00:00+05:30,1,usr_cb3be250,active,2026-08-18T10:00:00+05:30
tmb_84228a74,trp_08207645,usr_4bf78f59,editor,2026-05-26T10:00:00+05:30,1,usr_cb3be250,active,2026-08-18T10:00:00+05:30
tmb_ca779637,trp_bc925fdc,usr_22e61dad,owner,2026-03-29T10:00:00+05:30,1,,active,2026-08-18T10:00:00+05:30
tmb_f3491f98,trp_4a6fffa7,usr_acb4c4ba,owner,2026-03-02T10:00:00+05:30,1,,active,2026-08-18T10:00:00+05:30
tmb_4ef8e60b,trp_fda57035,usr_72796feb,owner,2026-05-21T10:00:00+05:30,1,,active,2026-08-18T10:00:00+05:30
tmb_1e6cf77c,trp_c795bd25,usr_1b4fe68e,owner,2026-02-20T10:00:00+05:30,1,,active,2026-08-18T10:00:00+05:30
tmb_ba1b0f92,trp_64030cdd,usr_5307f01f,owner,2026-06-03T10:00:00+05:30,1,,active,2026-08-18T10:00:00+05:30
tmb_33c4ecb1,trp_64030cdd,usr_e10845c8,editor,2026-07-08T10:00:00+05:30,1,usr_5307f01f,inactive,2026-08-18T10:00:00+05:30
tmb_75b23264,trp_64030cdd,usr_34f98272,editor,2026-07-04T10:00:00+05:30,1,usr_5307f01f,active,2026-08-18T10:00:00+05:30
tmb_a0a82e24,trp_64030cdd,usr_8ddbc4ab,editor,2026-05-19T10:00:00+05:30,1,usr_5307f01f,active,2026-08-18T10:00:00+05:30
tmb_0faf97e9,trp_61372035,usr_c61e810b,owner,2026-06-29T10:00:00+05:30,1,,active,2026-08-18T10:00:00+05:30
tmb_40c85935,trp_61372035,usr_b0226153,viewer,2026-08-03T10:00:00+05:30,0.5,usr_c61e810b,active,2026-08-18T10:00:00+05:30
tmb_a804e0f5,trp_61372035,usr_db37359e,editor,2026-05-25T10:00:00+05:30,2,usr_c61e810b,active,2026-08-18T10:00:00+05:30
tmb_9ff6d77b,trp_77576097,usr_9115fc7c,owner,2026-05-25T10:00:00+05:30,1,,active,2026-08-18T10:00:00+05:30
tmb_f115d773,trp_77576097,usr_3dcfa8eb,editor,2026-05-23T10:00:00+05:30,1,usr_9115fc7c,active,2026-08-18T10:00:00+05:30
tmb_c6b8bbd4,trp_77576097,usr_3e25dcc6,viewer,2026-03-30T10:00:00+05:30,1,usr_9115fc7c,active,2026-08-18T10:00:00+05:30
tmb_ff39d2d6,trp_77576097,usr_01d12bc2,editor,2026-04-13T10:00:00+05:30,1,usr_9115fc7c,active,2026-08-18T10:00:00+05:30
tmb_5b6037a8,trp_77576097,usr_7faf6134,editor,2026-07-30T10:00:00+05:30,1,usr_9115fc7c,active,2026-08-18T10:00:00+05:30
tmb_e096ebb4,trp_77576097,usr_d1a44892,viewer,2026-04-27T10:00:00+05:30,1,usr_9115fc7c,active,2026-08-18T10:00:00+05:30
tmb_396b64d7,trp_6d082956,usr_de458aa5,owner,2026-04-03T10:00:00+05:30,1,,active,2026-08-18T10:00:00+05:30
tmb_376c19b2,trp_92aba9c1,usr_dce3bc90,owner,2026-05-09T10:00:00+05:30,1,,active,2026-08-18T10:00:00+05:30
tmb_a6ba97a0,trp_8d9b71fd,usr_81dbf021,owner,2026-03-04T10:00:00+05:30,1,,active,2026-08-18T10:00:00+05:30
tmb_c68ad5d5,trp_8500bc75,usr_d504f21d,owner,2026-03-28T10:00:00+05:30,1,,active,2026-08-18T10:00:00+05:30
tmb_0d4ba092,trp_06e06151,usr_3a36b154,owner,2026-02-23T10:00:00+05:30,1,,active,2026-08-18T10:00:00+05:30
tmb_4f4a736a,trp_3eae7fcb,usr_ca6dc019,owner,2026-02-10T10:00:00+05:30,1,,active,2026-08-18T10:00:00+05:30
tmb_dee61747,trp_73c65d38,usr_41431693,owner,2026-06-18T10:00:00+05:30,1,,active,2026-08-18T10:00:00+05:30
tmb_749a2e3a,trp_32136d40,usr_57995796,owner,2026-07-03T10:00:00+05:30,1,,active,2026-08-18T10:00:00+05:30
tmb_8f72aa5a,trp_32136d40,usr_3190040f,viewer,2026-06-22T10:00:00+05:30,2,usr_57995796,active,2026-08-18T10:00:00+05:30
tmb_a8072e7a,trp_32136d40,usr_f13873e9,editor,2026-03-28T10:00:00+05:30,1,usr_57995796,active,2026-08-18T10:00:00+05:30
tmb_999f87ca,trp_32136d40,usr_f271c461,editor,2026-05-09T10:00:00+05:30,2,usr_57995796,active,2026-08-18T10:00:00+05:30
tmb_5f6a6956,trp_d10b37ba,usr_51247360,owner,2026-06-17T10:00:00+05:30,1,,active,2026-08-18T10:00:00+05:30
tmb_15503a84,trp_39a1ce04,usr_488b3ced,owner,2026-02-02T10:00:00+05:30,1,,active,2026-08-18T10:00:00+05:30
tmb_6a9fa6d9,trp_309cee62,usr_61710d50,owner,2026-05-16T10:00:00+05:30,1,,active,2026-08-18T10:00:00+05:30
tmb_3cd40fe7,trp_309cee62,usr_d17a8cab,editor,2026-07-09T10:00:00+05:30,1,usr_61710d50,active,2026-08-18T10:00:00+05:30
tmb_7d65787c,trp_223d5f10,usr_28c5ee24,owner,2026-07-18T10:00:00+05:30,1,,active,2026-08-18T10:00:00+05:30
tmb_fb8c208d,trp_e51fe665,usr_107ab982,owner,2026-07-06T10:00:00+05:30,1,,active,2026-08-18T10:00:00+05:30
tmb_ecaa1df2,trp_dd037e63,usr_b1a4b433,owner,2026-03-14T10:00:00+05:30,1,,active,2026-08-18T10:00:00+05:30
tmb_983240b8,trp_6a550f89,usr_7576a6e0,owner,2026-03-23T10:00:00+05:30,1,,active,2026-08-18T10:00:00+05:30
tmb_522b4b25,trp_6a550f89,usr_107ab982,viewer,2026-04-23T10:00:00+05:30,1,usr_7576a6e0,active,2026-08-18T10:00:00+05:30
tmb_7f5f928d,trp_6a550f89,usr_956481cd,editor,2026-07-03T10:00:00+05:30,1,usr_7576a6e0,active,2026-08-18T10:00:00+05:30
tmb_7e4e872d,trp_6a550f89,usr_842437da,viewer,2026-03-14T10:00:00+05:30,2,usr_7576a6e0,active,2026-08-18T10:00:00+05:30
tmb_fc467a33,trp_4be0ba46,usr_1501196b,owner,2026-02-10T10:00:00+05:30,1,,active,2026-08-18T10:00:00+05:30
tmb_dbd19dc2,trp_15632e85,usr_bc67142c,owner,2026-07-10T10:00:00+05:30,1,,active,2026-08-18T10:00:00+05:30
tmb_70d76dd1,trp_d7693837,usr_353c55a8,owner,2026-04-19T10:00:00+05:30,1,,active,2026-08-18T10:00:00+05:30
tmb_d05efa54,trp_d7693837,usr_e3b9431c,editor,2026-02-24T10:00:00+05:30,1,usr_353c55a8,active,2026-08-18T10:00:00+05:30
tmb_6d418600,trp_d7693837,usr_9292ebbb,editor,2026-03-23T10:00:00+05:30,1,usr_353c55a8,active,2026-08-18T10:00:00+05:30
tmb_90987457,trp_d7693837,usr_3495d8ed,editor,2026-08-10T10:00:00+05:30,1,usr_353c55a8,active,2026-08-18T10:00:00+05:30
tmb_29799402,trp_9de9979d,usr_4f4d8587,owner,2026-05-19T10:00:00+05:30,1,,active,2026-08-18T10:00:00+05:30
tmb_bc9eb215,trp_d03225c9,usr_e4376908,owner,2026-04-20T10:00:00+05:30,1,,active,2026-08-18T10:00:00+05:30
tmb_df4ed332,trp_07cf1d5b,usr_9115fc7c,owner,2026-07-18T10:00:00+05:30,1,,active,2026-08-18T10:00:00+05:30
tmb_400e00f8,trp_3912eedc,usr_1a6892bf,owner,2026-04-17T10:00:00+05:30,1,,active,2026-08-18T10:00:00+05:30
tmb_e98718ea,trp_1765a1ad,usr_8cace6bd,owner,2026-07-01T10:00:00+05:30,1,,active,2026-08-18T10:00:00+05:30
tmb_4ece94d0,trp_1765a1ad,usr_78bb2d82,editor,2026-07-28T10:00:00+05:30,1,usr_8cace6bd,active,2026-08-18T10:00:00+05:30
tmb_6163ba45,trp_1765a1ad,usr_6cdfb2c8,viewer,2026-03-18T10:00:00+05:30,1,usr_8cace6bd,active,2026-08-18T10:00:00+05:30
tmb_d53ae9b0,trp_1765a1ad,usr_737d4dab,editor,2026-05-08T10:00:00+05:30,0.5,usr_8cace6bd,active,2026-08-18T10:00:00+05:30
tmb_e2687cc5,trp_aebbbd34,usr_8eb4e3e7,owner,2026-06-14T10:00:00+05:30,1,,active,2026-08-18T10:00:00+05:30
tmb_d7bdb5c4,trp_05fa9ee5,usr_ddcb196c,owner,2026-03-15T10:00:00+05:30,1,,active,2026-08-18T10:00:00+05:30
tmb_b0419c7e,trp_05fa9ee5,usr_0ecee4ac,editor,2026-06-26T10:00:00+05:30,1,usr_ddcb196c,active,2026-08-18T10:00:00+05:30
tmb_3a74420a,trp_5df5ff0b,usr_ab2353de,owner,2026-05-28T10:00:00+05:30,1,,active,2026-08-18T10:00:00+05:30
tmb_21c804e9,trp_5df5ff0b,usr_e7080930,editor,2026-08-04T10:00:00+05:30,0.5,usr_ab2353de,active,2026-08-18T10:00:00+05:30
tmb_f70f8de3,trp_5df5ff0b,usr_ee5c9717,editor,2026-04-18T10:00:00+05:30,2,usr_ab2353de,active,2026-08-18T10:00:00+05:30
tmb_4a876871,trp_5df5ff0b,usr_8ed02105,editor,2026-06-24T10:00:00+05:30,1,usr_ab2353de,active,2026-08-18T10:00:00+05:30
tmb_7f51ff82,trp_5df5ff0b,usr_93d67c62,editor,2026-06-13T10:00:00+05:30,0.5,usr_ab2353de,active,2026-08-18T10:00:00+05:30
tmb_1696892a,trp_6c9581df,usr_bedf358a,owner,2026-02-10T10:00:00+05:30,1,,active,2026-08-18T10:00:00+05:30
tmb_4d0926a4,trp_6c9581df,usr_e6dcafe4,viewer,2026-03-25T10:00:00+05:30,2,usr_bedf358a,active,2026-08-18T10:00:00+05:30
tmb_d2214140,trp_6c9581df,usr_712600f0,editor,2026-04-01T10:00:00+05:30,2,usr_bedf358a,active,2026-08-18T10:00:00+05:30
tmb_fed9c96f,trp_672c1a74,usr_8eb4e3e7,owner,2026-02-01T10:00:00+05:30,1,,active,2026-08-18T10:00:00+05:30
tmb_58857b63,trp_672c1a74,usr_42dc4da4,editor,2026-03-30T10:00:00+05:30,1,usr_8eb4e3e7,active,2026-08-18T10:00:00+05:30
tmb_e5c2a45e,trp_8080637f,usr_42dc4da4,owner,2026-02-02T10:00:00+05:30,1,,active,2026-08-18T10:00:00+05:30
tmb_7a32f2ed,trp_8080637f,usr_893bfbd9,viewer,2026-06-23T10:00:00+05:30,1,usr_42dc4da4,active,2026-08-18T10:00:00+05:30
tmb_6890a85a,trp_8080637f,usr_9e33a102,editor,2026-07-27T10:00:00+05:30,1,usr_42dc4da4,inactive,2026-08-18T10:00:00+05:30
tmb_fe521121,trp_8080637f,usr_aacb82b1,editor,2026-06-03T10:00:00+05:30,1,usr_42dc4da4,active,2026-08-18T10:00:00+05:30
tmb_73b37593,trp_8080637f,usr_9ae9cbcb,viewer,2026-07-10T10:00:00+05:30,1,usr_42dc4da4,active,2026-08-18T10:00:00+05:30
tmb_4a3c9839,trp_19bd0b98,usr_5dec704e,owner,2026-02-25T10:00:00+05:30,1,,active,2026-08-18T10:00:00+05:30
tmb_12261d81,trp_b32d3e05,usr_247f37bf,owner,2026-02-11T10:00:00+05:30,1,,active,2026-08-18T10:00:00+05:30
tmb_3f0a4ab0,trp_2e6bf66f,usr_1b4fe68e,owner,2026-03-21T10:00:00+05:30,1,,active,2026-08-18T10:00:00+05:30
tmb_d4f5688d,trp_e060228a,usr_abb36fee,owner,2026-03-23T10:00:00+05:30,1,,active,2026-08-18T10:00:00+05:30
tmb_7ee94083,trp_12c07e4d,usr_693c20b9,owner,2026-06-02T10:00:00+05:30,1,,active,2026-08-18T10:00:00+05:30
tmb_61a118be,trp_12c07e4d,usr_d89a1dce,viewer,2026-04-07T10:00:00+05:30,2,usr_693c20b9,active,2026-08-18T10:00:00+05:30
tmb_8102c275,trp_12c07e4d,usr_0e9166f0,editor,2026-04-25T10:00:00+05:30,2,usr_693c20b9,active,2026-08-18T10:00:00+05:30
tmb_d9fc3ffc,trp_12c07e4d,usr_be1c9458,viewer,2026-03-03T10:00:00+05:30,1,usr_693c20b9,active,2026-08-18T10:00:00+05:30
tmb_d1a3b738,trp_39d6963e,usr_65303113,owner,2026-02-22T10:00:00+05:30,1,,active,2026-08-18T10:00:00+05:30
tmb_c4aabf10,trp_39d6963e,usr_7b03ee88,editor,2026-07-06T10:00:00+05:30,2,usr_65303113,active,2026-08-18T10:00:00+05:30
tmb_dfea258d,trp_39d6963e,usr_72d88a70,editor,2026-08-02T10:00:00+05:30,0.5,usr_65303113,active,2026-08-18T10:00:00+05:30
tmb_25a8f390,trp_ce0a9b4e,usr_13d8f6bd,owner,2026-06-02T10:00:00+05:30,1,,active,2026-08-18T10:00:00+05:30
tmb_949e0737,trp_ce0a9b4e,usr_ee5c9717,editor,2026-05-23T10:00:00+05:30,2,usr_13d8f6bd,active,2026-08-18T10:00:00+05:30
tmb_e9d0406c,trp_ce0a9b4e,usr_57890fbe,viewer,2026-03-26T10:00:00+05:30,2,usr_13d8f6bd,active,2026-08-18T10:00:00+05:30
tmb_3ea7d267,trp_ce0a9b4e,usr_7e89b5af,viewer,2026-06-11T10:00:00+05:30,1,usr_13d8f6bd,active,2026-08-18T10:00:00+05:30
tmb_88741317,trp_caf05844,usr_5f5edf0f,owner,2026-02-19T10:00:00+05:30,1,,active,2026-08-18T10:00:00+05:30
tmb_b1f573e8,trp_caf05844,usr_322fb6cb,viewer,2026-02-23T10:00:00+05:30,0.5,usr_5f5edf0f,active,2026-08-18T10:00:00+05:30
tmb_92d49e11,trp_caf05844,usr_541840e2,editor,2026-04-19T10:00:00+05:30,1,usr_5f5edf0f,active,2026-08-18T10:00:00+05:30
tmb_424c9a65,trp_caf05844,usr_d59d0fa9,editor,2026-07-14T10:00:00+05:30,1,usr_5f5edf0f,active,2026-08-18T10:00:00+05:30
tmb_e268bc3f,trp_1c384989,usr_52de2228,owner,2026-06-01T10:00:00+05:30,1,,active,2026-08-18T10:00:00+05:30
tmb_070e2d75,trp_1c384989,usr_98ca8444,editor,2026-04-23T10:00:00+05:30,0.5,usr_52de2228,active,2026-08-18T10:00:00+05:30
tmb_810ce833,trp_66313d66,usr_1dc8f83e,owner,2026-07-09T10:00:00+05:30,1,,active,2026-08-18T10:00:00+05:30
tmb_d4b889f5,trp_0512bf41,usr_8e272905,owner,2026-05-08T10:00:00+05:30,1,,active,2026-08-18T10:00:00+05:30
tmb_e19c4a8c,trp_0512bf41,usr_c0926c78,editor,2026-06-01T10:00:00+05:30,1,usr_8e272905,active,2026-08-18T10:00:00+05:30
tmb_40996980,trp_0512bf41,usr_5cdbb1d3,viewer,2026-08-08T10:00:00+05:30,1,usr_8e272905,active,2026-08-18T10:00:00+05:30
tmb_31a9d309,trp_0512bf41,usr_3e25dcc6,editor,2026-07-18T10:00:00+05:30,1,usr_8e272905,active,2026-08-18T10:00:00+05:30
tmb_d2f5173d,trp_0512bf41,usr_ea269383,editor,2026-06-23T10:00:00+05:30,1,usr_8e272905,active,2026-08-18T10:00:00+05:30
tmb_69b31f83,trp_0512bf41,usr_21b63d3b,viewer,2026-04-17T10:00:00+05:30,0.5,usr_8e272905,active,2026-08-18T10:00:00+05:30
tmb_bd7d6600,trp_3173cbf9,usr_7101a5b5,owner,2026-03-24T10:00:00+05:30,1,,active,2026-08-18T10:00:00+05:30
tmb_b9eb77aa,trp_ffce7c33,usr_76ac5087,owner,2026-03-21T10:00:00+05:30,1,,active,2026-08-18T10:00:00+05:30
tmb_0c535603,trp_4a2eb05b,usr_99adb626,owner,2026-04-28T10:00:00+05:30,1,,active,2026-08-18T10:00:00+05:30
tmb_e25adfbb,trp_09e8a8fb,usr_c582abb2,owner,2026-05-22T10:00:00+05:30,1,,active,2026-08-18T10:00:00+05:30
tmb_f2d1b66c,trp_f1eefc06,usr_87ae707a,owner,2026-04-07T10:00:00+05:30,1,,active,2026-08-18T10:00:00+05:30
tmb_75439412,trp_79d0c6ca,usr_25e8a118,owner,2026-06-07T10:00:00+05:30,1,,active,2026-08-18T10:00:00+05:30
tmb_8f8b0136,trp_1094fbf4,usr_ae35e63d,owner,2026-06-19T10:00:00+05:30,1,,active,2026-08-18T10:00:00+05:30
tmb_f83801fd,trp_1094fbf4,usr_14c698db,editor,2026-05-11T10:00:00+05:30,1,usr_ae35e63d,active,2026-08-18T10:00:00+05:30
tmb_2d1ac053,trp_1094fbf4,usr_e5bfa6cd,editor,2026-07-26T10:00:00+05:30,2,usr_ae35e63d,inactive,2026-08-18T10:00:00+05:30
tmb_a0e6e7a9,trp_1094fbf4,usr_5b361073,editor,2026-03-23T10:00:00+05:30,1,usr_ae35e63d,active,2026-08-18T10:00:00+05:30
tmb_c8aaab11,trp_1094fbf4,usr_ada33731,viewer,2026-07-13T10:00:00+05:30,1,usr_ae35e63d,active,2026-08-18T10:00:00+05:30
tmb_9f47766d,trp_831241e0,usr_ae3758b7,owner,2026-04-09T10:00:00+05:30,1,,active,2026-08-18T10:00:00+05:30
tmb_e1835fd8,trp_831241e0,usr_95bee04e,editor,2026-05-22T10:00:00+05:30,1,usr_ae3758b7,active,2026-08-18T10:00:00+05:30
tmb_68e5c0bf,trp_831241e0,usr_58d2b52f,viewer,2026-04-25T10:00:00+05:30,2,usr_ae3758b7,active,2026-08-18T10:00:00+05:30
tmb_5dd05e8b,trp_831241e0,usr_6edece59,editor,2026-04-12T10:00:00+05:30,1,usr_ae3758b7,active,2026-08-18T10:00:00+05:30
tmb_3e1d92e3,trp_831241e0,usr_79248234,editor,2026-07-07T10:00:00+05:30,2,usr_ae3758b7,active,2026-08-18T10:00:00+05:30
tmb_45e7ffce,trp_831241e0,usr_0b8f3bdc,editor,2026-06-17T10:00:00+05:30,1,usr_ae3758b7,active,2026-08-18T10:00:00+05:30
tmb_537fdaae,trp_a9d6d238,usr_8180c222,owner,2026-03-11T10:00:00+05:30,1,,active,2026-08-18T10:00:00+05:30
tmb_1aa49a7f,trp_a9d6d238,usr_3d1b88d6,editor,2026-07-23T10:00:00+05:30,2,usr_8180c222,active,2026-08-18T10:00:00+05:30
tmb_872fc90a,trp_a9d6d238,usr_d8ec0000,editor,2026-05-28T10:00:00+05:30,0.5,usr_8180c222,active,2026-08-18T10:00:00+05:30
tmb_9faeabb5,trp_a9d6d238,usr_ea479c41,editor,2026-06-02T10:00:00+05:30,2,usr_8180c222,active,2026-08-18T10:00:00+05:30
tmb_06250824,trp_ab6c0ec2,usr_36c3dbed,owner,2026-03-12T10:00:00+05:30,1,,active,2026-08-18T10:00:00+05:30
tmb_6296b3f5,trp_e8bed4a6,usr_32f091df,owner,2026-02-23T10:00:00+05:30,1,,active,2026-08-18T10:00:00+05:30
tmb_36305df0,trp_a7356ab0,usr_c582abb2,owner,2026-05-31T10:00:00+05:30,1,,active,2026-08-18T10:00:00+05:30
tmb_bd7fda6e,trp_fe3977e6,usr_2da5bb04,owner,2026-07-09T10:00:00+05:30,1,,active,2026-08-18T10:00:00+05:30
tmb_dc0c5c24,trp_23669283,usr_240785d4,owner,2026-04-10T10:00:00+05:30,1,,active,2026-08-18T10:00:00+05:30
tmb_00abf9df,trp_7aed1147,usr_76c235d5,owner,2026-07-19T10:00:00+05:30,1,,active,2026-08-18T10:00:00+05:30
tmb_ccdf21ad,trp_be19b00c,usr_4794cd34,owner,2026-04-17T10:00:00+05:30,1,,active,2026-08-18T10:00:00+05:30
tmb_33bed74b,trp_be19b00c,usr_c25e06d9,viewer,2026-08-02T10:00:00+05:30,2,usr_4794cd34,active,2026-08-18T10:00:00+05:30
tmb_acaffc76,trp_be19b00c,usr_e6dca418,viewer,2026-08-07T10:00:00+05:30,1,usr_4794cd34,active,2026-08-18T10:00:00+05:30
tmb_a34c6c91,trp_be19b00c,usr_2e38cf37,editor,2026-07-20T10:00:00+05:30,1,usr_4794cd34,active,2026-08-18T10:00:00+05:30
tmb_e09d7ec8,trp_be19b00c,usr_37079a82,viewer,2026-03-01T10:00:00+05:30,2,usr_4794cd34,active,2026-08-18T10:00:00+05:30
tmb_febf7fd6,trp_be19b00c,usr_b0226153,editor,2026-04-04T10:00:00+05:30,2,usr_4794cd34,active,2026-08-18T10:00:00+05:30
tmb_32c8d9bc,trp_093fb740,usr_fc544c58,owner,2026-04-11T10:00:00+05:30,1,,active,2026-08-18T10:00:00+05:30
tmb_153a600b,trp_534769b0,usr_bc8d5d3b,owner,2026-03-03T10:00:00+05:30,1,,active,2026-08-18T10:00:00+05:30
tmb_3fd6a5ca,trp_534769b0,usr_c659e4bf,editor,2026-03-02T10:00:00+05:30,0.5,usr_bc8d5d3b,active,2026-08-18T10:00:00+05:30
tmb_bc62c725,trp_6c80cfa7,usr_bedf358a,owner,2026-06-28T10:00:00+05:30,1,,active,2026-08-18T10:00:00+05:30
tmb_bf4b8d56,trp_6c80cfa7,usr_ad8b46f0,editor,2026-02-20T10:00:00+05:30,1,usr_bedf358a,active,2026-08-18T10:00:00+05:30
tmb_9df3af20,trp_6c80cfa7,usr_f6728ccc,viewer,2026-04-08T10:00:00+05:30,1,usr_bedf358a,active,2026-08-18T10:00:00+05:30
tmb_ca8466a8,trp_6c80cfa7,usr_de458aa5,editor,2026-08-07T10:00:00+05:30,0.5,usr_bedf358a,active,2026-08-18T10:00:00+05:30
tmb_36090e09,trp_6c80cfa7,usr_b357f73c,editor,2026-05-29T10:00:00+05:30,2,usr_bedf358a,active,2026-08-18T10:00:00+05:30
tmb_88326218,trp_6c80cfa7,usr_7da389be,viewer,2026-03-07T10:00:00+05:30,1,usr_bedf358a,active,2026-08-18T10:00:00+05:30
tmb_0660ec07,trp_26392ac8,usr_0af476d1,owner,2026-04-18T10:00:00+05:30,1,,active,2026-08-18T10:00:00+05:30
tmb_877a4a10,trp_26392ac8,usr_4e65d08a,viewer,2026-02-27T10:00:00+05:30,2,usr_0af476d1,active,2026-08-18T10:00:00+05:30
tmb_d6054a8f,trp_26392ac8,usr_1af66a73,viewer,2026-07-31T10:00:00+05:30,2,usr_0af476d1,active,2026-08-18T10:00:00+05:30
tmb_5941da5b,trp_1a355cfe,usr_b3f2baa1,owner,2026-06-14T10:00:00+05:30,1,,active,2026-08-18T10:00:00+05:30
tmb_eaee97d9,trp_9f0fac81,usr_672d3dd6,owner,2026-07-06T10:00:00+05:30,1,,active,2026-08-18T10:00:00+05:30
tmb_09b309ec,trp_c5887464,usr_8a0aaa50,owner,2026-03-29T10:00:00+05:30,1,,active,2026-08-18T10:00:00+05:30
tmb_21f66137,trp_c5887464,usr_cb3be250,editor,2026-04-22T10:00:00+05:30,1,usr_8a0aaa50,active,2026-08-18T10:00:00+05:30
tmb_985d5850,trp_c5887464,usr_3190040f,editor,2026-07-03T10:00:00+05:30,1,usr_8a0aaa50,active,2026-08-18T10:00:00+05:30
tmb_277a4252,trp_a06a57e3,usr_60cacdee,owner,2026-02-04T10:00:00+05:30,1,,active,2026-08-18T10:00:00+05:30
tmb_d1500b43,trp_a06a57e3,usr_268fdb85,editor,2026-05-24T10:00:00+05:30,1,usr_60cacdee,active,2026-08-18T10:00:00+05:30
tmb_d734255a,trp_a06a57e3,usr_86b17c0e,editor,2026-05-02T10:00:00+05:30,0.5,usr_60cacdee,active,2026-08-18T10:00:00+05:30
tmb_aa330a50,trp_a06a57e3,usr_2162d6ff,editor,2026-04-07T10:00:00+05:30,1,usr_60cacdee,active,2026-08-18T10:00:00+05:30
tmb_5f341530,trp_67af61b6,usr_d3acd59c,owner,2026-04-03T10:00:00+05:30,1,,active,2026-08-18T10:00:00+05:30
tmb_df270ca2,trp_67af61b6,usr_0cae1422,editor,2026-03-26T10:00:00+05:30,2,usr_d3acd59c,active,2026-08-18T10:00:00+05:30
tmb_430c2a35,trp_67af61b6,usr_55abb9bc,viewer,2026-03-21T10:00:00+05:30,2,usr_d3acd59c,active,2026-08-18T10:00:00+05:30
tmb_469fc230,trp_67af61b6,usr_045378e4,editor,2026-04-19T10:00:00+05:30,1,usr_d3acd59c,active,2026-08-18T10:00:00+05:30
tmb_7c178229,trp_67af61b6,usr_2433031a,viewer,2026-03-23T10:00:00+05:30,1,usr_d3acd59c,active,2026-08-18T10:00:00+05:30
tmb_dbbb4b41,trp_7f99f942,usr_65b43f7e,owner,2026-07-02T10:00:00+05:30,1,,active,2026-08-18T10:00:00+05:30
tmb_0676d0f2,trp_5b0721fc,usr_d1c73fb8,owner,2026-02-20T10:00:00+05:30,1,,active,2026-08-18T10:00:00+05:30
tmb_a89653ff,trp_5b0721fc,usr_7edfea3c,editor,2026-03-12T10:00:00+05:30,1,usr_d1c73fb8,active,2026-08-18T10:00:00+05:30
tmb_b28bc5b9,trp_5b0721fc,usr_e5bfa6cd,viewer,2026-03-15T10:00:00+05:30,1,usr_d1c73fb8,active,2026-08-18T10:00:00+05:30
tmb_dbae2dc6,trp_bb5e3651,usr_d56927f7,owner,2026-05-11T10:00:00+05:30,1,,active,2026-08-18T10:00:00+05:30
tmb_ffaa01db,trp_388e9bd8,usr_1ef037a0,owner,2026-06-20T10:00:00+05:30,1,,active,2026-08-18T10:00:00+05:30
tmb_13256ece,trp_4b2dcdb7,usr_9d604e2e,owner,2026-06-11T10:00:00+05:30,1,,active,2026-08-18T10:00:00+05:30
tmb_08b0cccb,trp_4b2dcdb7,usr_5527167d,viewer,2026-04-06T10:00:00+05:30,0.5,usr_9d604e2e,active,2026-08-18T10:00:00+05:30
tmb_ba37d800,trp_4b2dcdb7,usr_35d340e3,viewer,2026-08-12T10:00:00+05:30,1,usr_9d604e2e,active,2026-08-18T10:00:00+05:30
tmb_7d5b7cc0,trp_034ee3ea,usr_991a1e29,owner,2026-06-18T10:00:00+05:30,1,,active,2026-08-18T10:00:00+05:30
tmb_8c5dbf66,trp_034ee3ea,usr_a4ca5f2e,viewer,2026-08-13T10:00:00+05:30,0.5,usr_991a1e29,active,2026-08-18T10:00:00+05:30
tmb_a0662a3d,trp_034ee3ea,usr_a352fc16,editor,2026-07-30T10:00:00+05:30,1,usr_991a1e29,active,2026-08-18T10:00:00+05:30
tmb_38eebb1f,trp_034ee3ea,usr_e528f9b0,viewer,2026-03-31T10:00:00+05:30,1,usr_991a1e29,active,2026-08-18T10:00:00+05:30
tmb_6d2def67,trp_034ee3ea,usr_2209582f,viewer,2026-06-27T10:00:00+05:30,0.5,usr_991a1e29,active,2026-08-18T10:00:00+05:30
tmb_6a4739e5,trp_034ee3ea,usr_3190040f,editor,2026-07-25T10:00:00+05:30,2,usr_991a1e29,active,2026-08-18T10:00:00+05:30
tmb_7d596120,trp_7fa3c6c3,usr_c24f45f3,owner,2026-03-12T10:00:00+05:30,1,,active,2026-08-18T10:00:00+05:30
tmb_5b59e525,trp_026533d5,usr_ddfa0cd0,owner,2026-07-01T10:00:00+05:30,1,,active,2026-08-18T10:00:00+05:30
tmb_76b224bb,trp_994c9a51,usr_6be041f5,owner,2026-07-13T10:00:00+05:30,1,,active,2026-08-18T10:00:00+05:30
tmb_961f0b8e,trp_520c7693,usr_77e91c3a,owner,2026-02-24T10:00:00+05:30,1,,active,2026-08-18T10:00:00+05:30
tmb_b6689677,trp_60a62e81,usr_bff7bdb8,owner,2026-07-01T10:00:00+05:30,1,,active,2026-08-18T10:00:00+05:30
tmb_7cd7a2ff,trp_6fb32210,usr_e076a69d,owner,2026-04-08T10:00:00+05:30,1,,active,2026-08-18T10:00:00+05:30
tmb_6000cd4b,trp_8e5f0010,usr_76043d79,owner,2026-04-23T10:00:00+05:30,1,,active,2026-08-18T10:00:00+05:30
tmb_a7db163f,trp_8e5f0010,usr_65b43f7e,editor,2026-03-07T10:00:00+05:30,1,usr_76043d79,active,2026-08-18T10:00:00+05:30
tmb_266b916c,trp_8e5f0010,usr_d1a44892,viewer,2026-06-08T10:00:00+05:30,2,usr_76043d79,active,2026-08-18T10:00:00+05:30
tmb_b46466d2,trp_8e5f0010,usr_8700ba48,editor,2026-05-25T10:00:00+05:30,2,usr_76043d79,active,2026-08-18T10:00:00+05:30
tmb_2cb39da8,trp_8e5f0010,usr_b86dd891,viewer,2026-04-24T10:00:00+05:30,2,usr_76043d79,active,2026-08-18T10:00:00+05:30
tmb_43e28029,trp_8e5f0010,usr_9937a749,viewer,2026-05-21T10:00:00+05:30,1,usr_76043d79,active,2026-08-18T10:00:00+05:30
tmb_f1730507,trp_1898ff3a,usr_9afd8eab,owner,2026-05-03T10:00:00+05:30,1,,active,2026-08-18T10:00:00+05:30
tmb_df34b531,trp_1898ff3a,usr_40edb5af,editor,2026-06-21T10:00:00+05:30,1,usr_9afd8eab,active,2026-08-18T10:00:00+05:30
tmb_d37ce947,trp_1898ff3a,usr_a7185e16,editor,2026-07-13T10:00:00+05:30,0.5,usr_9afd8eab,active,2026-08-18T10:00:00+05:30
tmb_4982a245,trp_1898ff3a,usr_ab3f6d18,editor,2026-05-21T10:00:00+05:30,1,usr_9afd8eab,active,2026-08-18T10:00:00+05:30
tmb_5232cd93,trp_af330315,usr_f50e2299,owner,2026-02-14T10:00:00+05:30,1,,active,2026-08-18T10:00:00+05:30
tmb_35d42446,trp_e1f3d0e8,usr_ce09de03,owner,2026-04-04T10:00:00+05:30,1,,active,2026-08-18T10:00:00+05:30
tmb_fe251ea7,trp_e1f3d0e8,usr_3f4f4c52,editor,2026-06-18T10:00:00+05:30,1,usr_ce09de03,active,2026-08-18T10:00:00+05:30
tmb_01b5a380,trp_e1f3d0e8,usr_47d7ab5a,editor,2026-07-31T10:00:00+05:30,1,usr_ce09de03,active,2026-08-18T10:00:00+05:30
tmb_eb485191,trp_e1f3d0e8,usr_7df097f0,viewer,2026-06-05T10:00:00+05:30,1,usr_ce09de03,active,2026-08-18T10:00:00+05:30
tmb_812037f4,trp_b0a35602,usr_8ed02105,owner,2026-07-14T10:00:00+05:30,1,,active,2026-08-18T10:00:00+05:30
tmb_7cd784d1,trp_b0a35602,usr_02b3a36d,editor,2026-02-24T10:00:00+05:30,2,usr_8ed02105,active,2026-08-18T10:00:00+05:30
tmb_ce816b2d,trp_d5b99837,usr_4db9e8d2,owner,2026-05-23T10:00:00+05:30,1,,active,2026-08-18T10:00:00+05:30
tmb_44bcde04,trp_8c33db0b,usr_67ff2106,owner,2026-06-17T10:00:00+05:30,1,,active,2026-08-18T10:00:00+05:30
tmb_efbe8dc0,trp_fbce8226,usr_6a108f4e,owner,2026-03-30T10:00:00+05:30,1,,active,2026-08-18T10:00:00+05:30
tmb_0515df11,trp_fbce8226,usr_fd8f7b49,viewer,2026-02-20T10:00:00+05:30,1,usr_6a108f4e,active,2026-08-18T10:00:00+05:30
tmb_6e93e44e,trp_fbce8226,usr_8e272905,editor,2026-06-30T10:00:00+05:30,1,usr_6a108f4e,active,2026-08-18T10:00:00+05:30
tmb_2632cc21,trp_fbce8226,usr_c81e60fe,viewer,2026-06-14T10:00:00+05:30,0.5,usr_6a108f4e,active,2026-08-18T10:00:00+05:30
tmb_3ed533ff,trp_fbce8226,usr_2e38cf37,editor,2026-06-08T10:00:00+05:30,2,usr_6a108f4e,active,2026-08-18T10:00:00+05:30
tmb_e20f6301,trp_fbce8226,usr_95bee04e,viewer,2026-04-14T10:00:00+05:30,1,usr_6a108f4e,active,2026-08-18T10:00:00+05:30
tmb_27d5d442,trp_79045015,usr_72796feb,owner,2026-05-30T10:00:00+05:30,1,,active,2026-08-18T10:00:00+05:30
tmb_284c3a9e,trp_79045015,usr_e6863416,viewer,2026-07-03T10:00:00+05:30,1,usr_72796feb,active,2026-08-18T10:00:00+05:30
tmb_3cc75b62,trp_79045015,usr_2162d6ff,editor,2026-07-02T10:00:00+05:30,1,usr_72796feb,active,2026-08-18T10:00:00+05:30
tmb_fa72cfec,trp_79045015,usr_ce2e54f4,editor,2026-05-30T10:00:00+05:30,1,usr_72796feb,active,2026-08-18T10:00:00+05:30
tmb_01714392,trp_f9ef6a50,usr_ddcb196c,owner,2026-06-12T10:00:00+05:30,1,,active,2026-08-18T10:00:00+05:30
tmb_71fa66ae,trp_a396cd51,usr_4d8f3b3a,owner,2026-02-01T10:00:00+05:30,1,,active,2026-08-18T10:00:00+05:30
tmb_3669bf49,trp_5df54ac3,usr_4022bd9b,owner,2026-05-26T10:00:00+05:30,1,,active,2026-08-18T10:00:00+05:30
tmb_f9970a1f,trp_5df54ac3,usr_6e3b5c10,viewer,2026-06-09T10:00:00+05:30,1,usr_4022bd9b,active,2026-08-18T10:00:00+05:30
tmb_a13be328,trp_194fb6db,usr_d1a44892,owner,2026-03-07T10:00:00+05:30,1,,active,2026-08-18T10:00:00+05:30
tmb_ea2ba343,trp_5ac61fd8,usr_a93726c0,owner,2026-03-03T10:00:00+05:30,1,,active,2026-08-18T10:00:00+05:30
tmb_9af46a75,trp_372d222b,usr_9a5cd9cf,owner,2026-05-03T10:00:00+05:30,1,,active,2026-08-18T10:00:00+05:30
tmb_ae5f7973,trp_536f04bd,usr_44ef2e9c,owner,2026-07-16T10:00:00+05:30,1,,active,2026-08-18T10:00:00+05:30
tmb_ee56737a,trp_bacdeb91,usr_b6d5d98c,owner,2026-02-15T10:00:00+05:30,1,,active,2026-08-18T10:00:00+05:30
tmb_1b98dcd2,trp_27e50a35,usr_3d2f73ea,owner,2026-02-09T10:00:00+05:30,1,,active,2026-08-18T10:00:00+05:30
tmb_151ba096,trp_27e50a35,usr_0dc99bd5,editor,2026-06-30T10:00:00+05:30,1,usr_3d2f73ea,active,2026-08-18T10:00:00+05:30
tmb_5fbb7622,trp_479e8ab9,usr_81005fa8,owner,2026-06-22T10:00:00+05:30,1,,active,2026-08-18T10:00:00+05:30
tmb_09be37fe,trp_73b4e062,usr_e851fdeb,owner,2026-03-03T10:00:00+05:30,1,,active,2026-08-18T10:00:00+05:30
tmb_35e7be25,trp_73b4e062,usr_5f1e6e1c,editor,2026-07-11T10:00:00+05:30,0.5,usr_e851fdeb,active,2026-08-18T10:00:00+05:30
tmb_26a672c1,trp_73b4e062,usr_ab81846d,editor,2026-05-22T10:00:00+05:30,0.5,usr_e851fdeb,active,2026-08-18T10:00:00+05:30
tmb_31a382fa,trp_73b4e062,usr_6043ede2,editor,2026-03-14T10:00:00+05:30,1,usr_e851fdeb,active,2026-08-18T10:00:00+05:30
tmb_4752934c,trp_cab2311d,usr_1a6892bf,owner,2026-06-22T10:00:00+05:30,1,,active,2026-08-18T10:00:00+05:30
tmb_f1654846,trp_d275f261,usr_fa851b11,owner,2026-02-22T10:00:00+05:30,1,,active,2026-08-18T10:00:00+05:30
tmb_55a41820,trp_d275f261,usr_bedf358a,editor,2026-04-05T10:00:00+05:30,1,usr_fa851b11,active,2026-08-18T10:00:00+05:30
tmb_650c1ebe,trp_d275f261,usr_d6801dce,viewer,2026-04-03T10:00:00+05:30,1,usr_fa851b11,active,2026-08-18T10:00:00+05:30
tmb_8c2fb5ba,trp_1904a63d,usr_ca24d130,owner,2026-02-27T10:00:00+05:30,1,,active,2026-08-18T10:00:00+05:30
tmb_59d1b7f2,trp_f6f16cbd,usr_e10845c8,owner,2026-06-01T10:00:00+05:30,1,,active,2026-08-18T10:00:00+05:30
tmb_4d835eb5,trp_f6f16cbd,usr_3093604a,viewer,2026-07-22T10:00:00+05:30,1,usr_e10845c8,active,2026-08-18T10:00:00+05:30
tmb_cefd7323,trp_f6f16cbd,usr_8a0aaa50,editor,2026-04-03T10:00:00+05:30,1,usr_e10845c8,active,2026-08-18T10:00:00+05:30
tmb_52450953,trp_f6f16cbd,usr_3c3ae758,editor,2026-03-21T10:00:00+05:30,1,usr_e10845c8,active,2026-08-18T10:00:00+05:30
tmb_9bc2f66f,trp_f6f16cbd,usr_32a5a217,viewer,2026-05-22T10:00:00+05:30,0.5,usr_e10845c8,active,2026-08-18T10:00:00+05:30
tmb_a7403268,trp_f6f16cbd,usr_81ed406f,editor,2026-03-25T10:00:00+05:30,0.5,usr_e10845c8,active,2026-08-18T10:00:00+05:30
tmb_bf10e117,trp_9fcf6ecc,usr_506012f1,owner,2026-04-02T10:00:00+05:30,1,,active,2026-08-18T10:00:00+05:30
tmb_ed9377f0,trp_9fcf6ecc,usr_6d4dd52b,viewer,2026-04-19T10:00:00+05:30,2,usr_506012f1,active,2026-08-18T10:00:00+05:30
tmb_18ae29ea,trp_9fcf6ecc,usr_373b76a9,editor,2026-07-02T10:00:00+05:30,0.5,usr_506012f1,active,2026-08-18T10:00:00+05:30
tmb_acf92f5a,trp_9fcf6ecc,usr_f48b4353,editor,2026-05-13T10:00:00+05:30,1,usr_506012f1,active,2026-08-18T10:00:00+05:30
tmb_24145096,trp_9fcf6ecc,usr_f8162b43,editor,2026-03-30T10:00:00+05:30,2,usr_506012f1,inactive,2026-08-18T10:00:00+05:30
tmb_09c81b01,trp_9fcf6ecc,usr_d9b13621,editor,2026-06-12T10:00:00+05:30,1,usr_506012f1,active,2026-08-18T10:00:00+05:30
tmb_7f6406de,trp_550c7b3b,usr_1217680f,owner,2026-06-16T10:00:00+05:30,1,,active,2026-08-18T10:00:00+05:30
tmb_a023e2e1,trp_550c7b3b,usr_4012e3f7,editor,2026-05-20T10:00:00+05:30,1,usr_1217680f,active,2026-08-18T10:00:00+05:30
tmb_3c633bef,trp_04666cc6,usr_9afd8eab,owner,2026-07-12T10:00:00+05:30,1,,active,2026-08-18T10:00:00+05:30
tmb_1e0ec9b0,trp_04666cc6,usr_b5327682,editor,2026-06-16T10:00:00+05:30,0.5,usr_9afd8eab,active,2026-08-18T10:00:00+05:30
tmb_047e44e3,trp_04666cc6,usr_3134253d,viewer,2026-05-09T10:00:00+05:30,2,usr_9afd8eab,active,2026-08-18T10:00:00+05:30
tmb_722d4d2d,trp_04666cc6,usr_8317ab30,viewer,2026-07-25T10:00:00+05:30,1,usr_9afd8eab,active,2026-08-18T10:00:00+05:30
tmb_99036b23,trp_04666cc6,usr_5bfe40e4,editor,2026-06-04T10:00:00+05:30,1,usr_9afd8eab,active,2026-08-18T10:00:00+05:30
tmb_b6e36b7e,trp_04666cc6,usr_f43be858,editor,2026-07-21T10:00:00+05:30,1,usr_9afd8eab,active,2026-08-18T10:00:00+05:30
tmb_eacbb9c9,trp_4360e4bd,usr_76c235d5,owner,2026-05-19T10:00:00+05:30,1,,active,2026-08-18T10:00:00+05:30
tmb_a1c65632,trp_4360e4bd,usr_0c1ce238,editor,2026-07-04T10:00:00+05:30,1,usr_76c235d5,active,2026-08-18T10:00:00+05:30
tmb_cd8d11c0,trp_510db93a,usr_3e25dcc6,owner,2026-05-28T10:00:00+05:30,1,,active,2026-08-18T10:00:00+05:30
tmb_38c21b04,trp_0e7cf08e,usr_49c29e32,owner,2026-03-02T10:00:00+05:30,1,,active,2026-08-18T10:00:00+05:30
tmb_5282a378,trp_0e7cf08e,usr_2209582f,editor,2026-03-14T10:00:00+05:30,1,usr_49c29e32,inactive,2026-08-18T10:00:00+05:30
tmb_03568fec,trp_0e7cf08e,usr_4e0c977f,editor,2026-08-12T10:00:00+05:30,2,usr_49c29e32,active,2026-08-18T10:00:00+05:30
tmb_9aaabf87,trp_0e7cf08e,usr_e10845c8,viewer,2026-02-24T10:00:00+05:30,1,usr_49c29e32,active,2026-08-18T10:00:00+05:30
tmb_4a306232,trp_9d4a5a9e,usr_7b318031,owner,2026-05-29T10:00:00+05:30,1,,active,2026-08-18T10:00:00+05:30
tmb_267e9268,trp_1b3de2ea,usr_efe9a3aa,owner,2026-04-07T10:00:00+05:30,1,,active,2026-08-18T10:00:00+05:30
tmb_f39b6000,trp_1b3de2ea,usr_a7185e16,editor,2026-05-28T10:00:00+05:30,1,usr_efe9a3aa,active,2026-08-18T10:00:00+05:30
tmb_c887a85d,trp_1b3de2ea,usr_12f95c97,viewer,2026-06-27T10:00:00+05:30,0.5,usr_efe9a3aa,active,2026-08-18T10:00:00+05:30
tmb_5cb6d3ff,trp_13a7ffcc,usr_ae35e63d,owner,2026-07-12T10:00:00+05:30,1,,active,2026-08-18T10:00:00+05:30
tmb_9710b64f,trp_13a7ffcc,usr_701b0010,viewer,2026-07-14T10:00:00+05:30,1,usr_ae35e63d,active,2026-08-18T10:00:00+05:30
tmb_5205bed9,trp_26590ab5,usr_bff7bdb8,owner,2026-03-01T10:00:00+05:30,1,,active,2026-08-18T10:00:00+05:30
tmb_fc074e0a,trp_26590ab5,usr_aebfb5b6,editor,2026-04-19T10:00:00+05:30,1,usr_bff7bdb8,active,2026-08-18T10:00:00+05:30
tmb_0bf4355f,trp_26590ab5,usr_ee605ce4,editor,2026-02-27T10:00:00+05:30,0.5,usr_bff7bdb8,active,2026-08-18T10:00:00+05:30
tmb_4a7c3ce8,trp_26590ab5,usr_be4ecc52,editor,2026-08-01T10:00:00+05:30,1,usr_bff7bdb8,active,2026-08-18T10:00:00+05:30
tmb_d978c0ba,trp_26590ab5,usr_f5a38687,editor,2026-04-25T10:00:00+05:30,0.5,usr_bff7bdb8,active,2026-08-18T10:00:00+05:30
tmb_67c02d9a,trp_42c7ee54,usr_7b318031,owner,2026-06-08T10:00:00+05:30,1,,active,2026-08-18T10:00:00+05:30
tmb_b56abc8e,trp_ab7c6472,usr_569f1f22,owner,2026-06-20T10:00:00+05:30,1,,active,2026-08-18T10:00:00+05:30
tmb_39124559,trp_ab7c6472,usr_aefdae86,viewer,2026-03-16T10:00:00+05:30,2,usr_569f1f22,active,2026-08-18T10:00:00+05:30
tmb_0551d0b5,trp_ab7c6472,usr_1ef037a0,editor,2026-03-23T10:00:00+05:30,1,usr_569f1f22,active,2026-08-18T10:00:00+05:30
tmb_4a77a9ed,trp_ab7c6472,usr_60c3a39a,editor,2026-05-29T10:00:00+05:30,2,usr_569f1f22,inactive,2026-08-18T10:00:00+05:30
tmb_1e642d3b,trp_c60c3b5a,usr_c426b4e1,owner,2026-05-18T10:00:00+05:30,1,,active,2026-08-18T10:00:00+05:30
tmb_9523b55b,trp_c60c3b5a,usr_ef82139e,viewer,2026-06-21T10:00:00+05:30,1,usr_c426b4e1,active,2026-08-18T10:00:00+05:30
tmb_525defb9,trp_c60c3b5a,usr_e95757cb,editor,2026-07-07T10:00:00+05:30,1,usr_c426b4e1,active,2026-08-18T10:00:00+05:30
tmb_e1aea475,trp_c60c3b5a,usr_c46032f3,editor,2026-08-10T10:00:00+05:30,1,usr_c426b4e1,active,2026-08-18T10:00:00+05:30
tmb_c0c5855f,trp_35d620ca,usr_54e0dc44,owner,2026-03-22T10:00:00+05:30,1,,active,2026-08-18T10:00:00+05:30
tmb_a3d9bfed,trp_35d620ca,usr_525b1d3c,editor,2026-03-09T10:00:00+05:30,1,usr_54e0dc44,active,2026-08-18T10:00:00+05:30
tmb_6ce69d8a,trp_35d620ca,usr_9c3deed5,editor,2026-03-01T10:00:00+05:30,1,usr_54e0dc44,active,2026-08-18T10:00:00+05:30
tmb_d987d2e0,trp_35d620ca,usr_50bced56,editor,2026-04-20T10:00:00+05:30,1,usr_54e0dc44,active,2026-08-18T10:00:00+05:30
tmb_e3030268,trp_35d620ca,usr_64eaee79,viewer,2026-04-22T10:00:00+05:30,1,usr_54e0dc44,active,2026-08-18T10:00:00+05:30
tmb_83844efe,trp_35d620ca,usr_2433031a,editor,2026-05-18T10:00:00+05:30,1,usr_54e0dc44,active,2026-08-18T10:00:00+05:30
tmb_6dc1a186,trp_0c86284d,usr_98ca8444,owner,2026-02-20T10:00:00+05:30,1,,active,2026-08-18T10:00:00+05:30
tmb_f107d0ee,trp_0c86284d,usr_fa3a9dd6,editor,2026-03-08T10:00:00+05:30,1,usr_98ca8444,active,2026-08-18T10:00:00+05:30
tmb_b8b2b779,trp_0c86284d,usr_82545d82,editor,2026-02-23T10:00:00+05:30,0.5,usr_98ca8444,active,2026-08-18T10:00:00+05:30
tmb_da728406,trp_0c86284d,usr_0eb7982c,editor,2026-06-15T10:00:00+05:30,0.5,usr_98ca8444,active,2026-08-18T10:00:00+05:30
tmb_77d7db7b,trp_79423633,usr_72818c78,owner,2026-03-27T10:00:00+05:30,1,,active,2026-08-18T10:00:00+05:30
tmb_2e83f0cc,trp_79423633,usr_76ac5087,viewer,2026-06-01T10:00:00+05:30,1,usr_72818c78,active,2026-08-18T10:00:00+05:30
tmb_0a769010,trp_79423633,usr_3c2f4109,editor,2026-07-11T10:00:00+05:30,1,usr_72818c78,active,2026-08-18T10:00:00+05:30
tmb_e7aa215b,trp_c523a05c,usr_abfc225a,owner,2026-07-10T10:00:00+05:30,1,,active,2026-08-18T10:00:00+05:30
tmb_6da24bda,trp_c523a05c,usr_fc3617c0,editor,2026-02-23T10:00:00+05:30,1,usr_abfc225a,active,2026-08-18T10:00:00+05:30
tmb_1ee66ba5,trp_c523a05c,usr_9976417a,editor,2026-06-23T10:00:00+05:30,1,usr_abfc225a,active,2026-08-18T10:00:00+05:30
tmb_c3358059,trp_c523a05c,usr_e1ee0c13,viewer,2026-04-01T10:00:00+05:30,0.5,usr_abfc225a,active,2026-08-18T10:00:00+05:30
tmb_6339f463,trp_c523a05c,usr_d32b1be5,viewer,2026-04-10T10:00:00+05:30,0.5,usr_abfc225a,active,2026-08-18T10:00:00+05:30
tmb_b49e1b61,trp_ddc1ac3a,usr_969a0636,owner,2026-06-08T10:00:00+05:30,1,,active,2026-08-18T10:00:00+05:30
tmb_667ad385,trp_ddc1ac3a,usr_0e3a6945,viewer,2026-06-15T10:00:00+05:30,1,usr_969a0636,active,2026-08-18T10:00:00+05:30
tmb_bfa5ae52,trp_7c20b912,usr_2b4223b2,owner,2026-06-06T10:00:00+05:30,1,,active,2026-08-18T10:00:00+05:30
tmb_5fe57d0d,trp_d13da5c8,usr_95d28a5d,owner,2026-03-30T10:00:00+05:30,1,,active,2026-08-18T10:00:00+05:30
tmb_896ed270,trp_d13da5c8,usr_2182a4d3,viewer,2026-04-24T10:00:00+05:30,1,usr_95d28a5d,active,2026-08-18T10:00:00+05:30
tmb_115a26fb,trp_d13da5c8,usr_7da99ef5,editor,2026-03-23T10:00:00+05:30,1,usr_95d28a5d,active,2026-08-18T10:00:00+05:30
tmb_5e749a1f,trp_d13da5c8,usr_7b03ee88,editor,2026-06-07T10:00:00+05:30,1,usr_95d28a5d,active,2026-08-18T10:00:00+05:30
tmb_9c665c13,trp_d13da5c8,usr_21b63d3b,viewer,2026-07-03T10:00:00+05:30,2,usr_95d28a5d,active,2026-08-18T10:00:00+05:30
tmb_05399eff,trp_d13da5c8,usr_5307f01f,editor,2026-06-17T10:00:00+05:30,1,usr_95d28a5d,active,2026-08-18T10:00:00+05:30
tmb_5c20f489,trp_1800f567,usr_9181bfe3,owner,2026-03-05T10:00:00+05:30,1,,active,2026-08-18T10:00:00+05:30
tmb_459e6129,trp_ccff079f,usr_b8779399,owner,2026-06-06T10:00:00+05:30,1,,active,2026-08-18T10:00:00+05:30
tmb_d8a114bf,trp_ccff079f,usr_90afe18c,editor,2026-04-24T10:00:00+05:30,1,usr_b8779399,active,2026-08-18T10:00:00+05:30
tmb_a87a891f,trp_ccff079f,usr_5f3244b4,viewer,2026-03-26T10:00:00+05:30,0.5,usr_b8779399,active,2026-08-18T10:00:00+05:30
tmb_3bf64d20,trp_ccff079f,usr_78b510fb,viewer,2026-04-28T10:00:00+05:30,1,usr_b8779399,active,2026-08-18T10:00:00+05:30
tmb_6af96cd7,trp_ccff079f,usr_e2490a9e,viewer,2026-08-06T10:00:00+05:30,1,usr_b8779399,active,2026-08-18T10:00:00+05:30
tmb_bc1abb5e,trp_f74bdeb1,usr_fae4d064,owner,2026-05-30T10:00:00+05:30,1,,active,2026-08-18T10:00:00+05:30
tmb_f5fcd7b1,trp_03e922d6,usr_e8f563b9,owner,2026-07-03T10:00:00+05:30,1,,active,2026-08-18T10:00:00+05:30
tmb_08a97a46,trp_11b70470,usr_b376fa1f,owner,2026-06-08T10:00:00+05:30,1,,active,2026-08-18T10:00:00+05:30
tmb_5aadff42,trp_11b70470,usr_ef2f6a43,editor,2026-08-02T10:00:00+05:30,0.5,usr_b376fa1f,active,2026-08-18T10:00:00+05:30
tmb_6b65f6f5,trp_11b70470,usr_0c1ce238,viewer,2026-07-30T10:00:00+05:30,2,usr_b376fa1f,active,2026-08-18T10:00:00+05:30
tmb_743c2b36,trp_503f7948,usr_60e00854,owner,2026-06-14T10:00:00+05:30,1,,active,2026-08-18T10:00:00+05:30
tmb_b83be943,trp_ec11de60,usr_29fdaeb0,owner,2026-05-30T10:00:00+05:30,1,,active,2026-08-18T10:00:00+05:30
tmb_5a9f6296,trp_0050ebc1,usr_824b14a8,owner,2026-03-18T10:00:00+05:30,1,,active,2026-08-18T10:00:00+05:30
tmb_45149944,trp_cdcc78b4,usr_d8ec0000,owner,2026-05-12T10:00:00+05:30,1,,active,2026-08-18T10:00:00+05:30
tmb_caf3de43,trp_cdcc78b4,usr_e0440f90,editor,2026-04-08T10:00:00+05:30,1,usr_d8ec0000,active,2026-08-18T10:00:00+05:30
tmb_d0e52215,trp_cdcc78b4,usr_7157baa6,editor,2026-06-28T10:00:00+05:30,2,usr_d8ec0000,active,2026-08-18T10:00:00+05:30
tmb_607e4d18,trp_cdcc78b4,usr_c94b68cc,editor,2026-03-23T10:00:00+05:30,2,usr_d8ec0000,active,2026-08-18T10:00:00+05:30
tmb_35395d3f,trp_cdcc78b4,usr_76043d79,viewer,2026-07-15T10:00:00+05:30,0.5,usr_d8ec0000,inactive,2026-08-18T10:00:00+05:30
tmb_5d6c72d6,trp_cdcc78b4,usr_b3f2baa1,editor,2026-05-20T10:00:00+05:30,0.5,usr_d8ec0000,active,2026-08-18T10:00:00+05:30
tmb_ad657b46,trp_22a4deac,usr_d59d0fa9,owner,2026-07-02T10:00:00+05:30,1,,active,2026-08-18T10:00:00+05:30
tmb_bd11d80f,trp_d9f8d682,usr_3b70ae01,owner,2026-02-15T10:00:00+05:30,1,,active,2026-08-18T10:00:00+05:30
tmb_3f0478e3,trp_074ec52a,usr_9738df4b,owner,2026-06-21T10:00:00+05:30,1,,active,2026-08-18T10:00:00+05:30
tmb_4417d525,trp_074ec52a,usr_ee6409a7,editor,2026-07-14T10:00:00+05:30,2,usr_9738df4b,active,2026-08-18T10:00:00+05:30
tmb_9ad5578c,trp_074ec52a,usr_37079a82,viewer,2026-05-22T10:00:00+05:30,1,usr_9738df4b,active,2026-08-18T10:00:00+05:30
tmb_2c9e91a7,trp_074ec52a,usr_6f068e43,editor,2026-05-02T10:00:00+05:30,0.5,usr_9738df4b,active,2026-08-18T10:00:00+05:30
tmb_c78709fa,trp_074ec52a,usr_c3040a68,editor,2026-06-09T10:00:00+05:30,0.5,usr_9738df4b,active,2026-08-18T10:00:00+05:30
tmb_44b0ac94,trp_b038cfbe,usr_e1fb52ea,owner,2026-06-02T10:00:00+05:30,1,,active,2026-08-18T10:00:00+05:30
tmb_e2712dd7,trp_fa67785b,usr_fae4d064,owner,2026-05-22T10:00:00+05:30,1,,active,2026-08-18T10:00:00+05:30
tmb_db7d6dcd,trp_22d088b8,usr_72818c78,owner,2026-02-22T10:00:00+05:30,1,,active,2026-08-18T10:00:00+05:30
tmb_12447887,trp_c4fe9d44,usr_96b84c82,owner,2026-02-11T10:00:00+05:30,1,,active,2026-08-18T10:00:00+05:30
tmb_4c6cc245,trp_bcc5d027,usr_18a2e06d,owner,2026-07-03T10:00:00+05:30,1,,active,2026-08-18T10:00:00+05:30
tmb_894d9c92,trp_d729f422,usr_78bee927,owner,2026-04-30T10:00:00+05:30,1,,active,2026-08-18T10:00:00+05:30
tmb_0525a5e7,trp_d729f422,usr_aef2d4f6,editor,2026-02-21T10:00:00+05:30,1,usr_78bee927,active,2026-08-18T10:00:00+05:30
tmb_356a0c04,trp_d729f422,usr_9694b4a3,editor,2026-04-27T10:00:00+05:30,1,usr_78bee927,active,2026-08-18T10:00:00+05:30
tmb_16263341,trp_d729f422,usr_ea41e115,editor,2026-07-15T10:00:00+05:30,1,usr_78bee927,active,2026-08-18T10:00:00+05:30
tmb_55c71d77,trp_d729f422,usr_12f95c97,editor,2026-03-09T10:00:00+05:30,1,usr_78bee927,active,2026-08-18T10:00:00+05:30
tmb_db7f2a0f,trp_5d6b6f99,usr_0dc68a1c,owner,2026-07-07T10:00:00+05:30,1,,active,2026-08-18T10:00:00+05:30
tmb_f58a730b,trp_5d6b6f99,usr_410809ba,editor,2026-07-27T10:00:00+05:30,2,usr_0dc68a1c,active,2026-08-18T10:00:00+05:30
tmb_e9c534a5,trp_5263ffa3,usr_65303113,owner,2026-07-13T10:00:00+05:30,1,,active,2026-08-18T10:00:00+05:30
tmb_8c163453,trp_5263ffa3,usr_fe13fe0f,editor,2026-05-12T10:00:00+05:30,1,usr_65303113,active,2026-08-18T10:00:00+05:30
tmb_eded6c9d,trp_5263ffa3,usr_d20b2a69,viewer,2026-04-24T10:00:00+05:30,1,usr_65303113,active,2026-08-18T10:00:00+05:30
tmb_db08e87b,trp_5263ffa3,usr_e1d938d9,viewer,2026-05-15T10:00:00+05:30,2,usr_65303113,active,2026-08-18T10:00:00+05:30
tmb_5122d2ee,trp_5263ffa3,usr_e8417e7f,editor,2026-04-30T10:00:00+05:30,2,usr_65303113,active,2026-08-18T10:00:00+05:30
tmb_56a590d2,trp_33c5a895,usr_d23b92e9,owner,2026-04-12T10:00:00+05:30,1,,active,2026-08-18T10:00:00+05:30
tmb_5ccee4fb,trp_94e301b8,usr_0382185a,owner,2026-05-19T10:00:00+05:30,1,,active,2026-08-18T10:00:00+05:30
tmb_403c7430,trp_e900e96a,usr_2fca7c46,owner,2026-02-19T10:00:00+05:30,1,,active,2026-08-18T10:00:00+05:30
tmb_707df32e,trp_e900e96a,usr_e6dcafe4,editor,2026-03-28T10:00:00+05:30,2,usr_2fca7c46,active,2026-08-18T10:00:00+05:30
tmb_6e269db1,trp_e900e96a,usr_6c5b2519,editor,2026-05-29T10:00:00+05:30,2,usr_2fca7c46,active,2026-08-18T10:00:00+05:30
tmb_c4af1277,trp_377a871a,usr_d0571b95,owner,2026-01-31T10:00:00+05:30,1,,active,2026-08-18T10:00:00+05:30
tmb_3f307254,trp_377a871a,usr_40ab838e,viewer,2026-06-11T10:00:00+05:30,1,usr_d0571b95,active,2026-08-18T10:00:00+05:30
tmb_19ad4233,trp_377a871a,usr_a370271a,editor,2026-04-16T10:00:00+05:30,2,usr_d0571b95,active,2026-08-18T10:00:00+05:30
tmb_cba2a07a,trp_5ad6c4c8,usr_c60b1837,owner,2026-06-28T10:00:00+05:30,1,,active,2026-08-18T10:00:00+05:30
tmb_f1faa4a7,trp_2d23dd64,usr_7e340c2a,owner,2026-05-10T10:00:00+05:30,1,,active,2026-08-18T10:00:00+05:30
tmb_470b7c15,trp_31015abc,usr_a0f188fa,owner,2026-06-13T10:00:00+05:30,1,,active,2026-08-18T10:00:00+05:30
tmb_9add5e86,trp_9818ae06,usr_36c3dbed,owner,2026-04-10T10:00:00+05:30,1,,active,2026-08-18T10:00:00+05:30
tmb_25f4bd5c,trp_9818ae06,usr_4e1b489a,editor,2026-04-04T10:00:00+05:30,1,usr_36c3dbed,active,2026-08-18T10:00:00+05:30
tmb_070ba927,trp_9818ae06,usr_e1f3dfbc,viewer,2026-03-18T10:00:00+05:30,0.5,usr_36c3dbed,active,2026-08-18T10:00:00+05:30
tmb_0ac81c82,trp_9818ae06,usr_1e3c81bb,editor,2026-07-12T10:00:00+05:30,2,usr_36c3dbed,inactive,2026-08-18T10:00:00+05:30
tmb_2630f9f7,trp_9a841c7e,usr_7f6d27fe,owner,2026-03-18T10:00:00+05:30,1,,active,2026-08-18T10:00:00+05:30
tmb_dca71a6e,trp_8c188c27,usr_40c95b13,owner,2026-05-23T10:00:00+05:30,1,,active,2026-08-18T10:00:00+05:30
tmb_46b85e55,trp_baeb9644,usr_0000ca76,owner,2026-04-07T10:00:00+05:30,1,,active,2026-08-18T10:00:00+05:30
tmb_3fa294bd,trp_96b44a87,usr_5d24ab68,owner,2026-03-12T10:00:00+05:30,1,,active,2026-08-18T10:00:00+05:30
tmb_21c48734,trp_96b44a87,usr_108e6f0f,editor,2026-07-07T10:00:00+05:30,1,usr_5d24ab68,active,2026-08-18T10:00:00+05:30
tmb_49d0c36f,trp_96b44a87,usr_c8ada8bd,viewer,2026-03-27T10:00:00+05:30,0.5,usr_5d24ab68,active,2026-08-18T10:00:00+05:30
tmb_1e74787a,trp_0e733795,usr_97d7df2b,owner,2026-02-27T10:00:00+05:30,1,,active,2026-08-18T10:00:00+05:30
tmb_d5ef8ca5,trp_63451510,usr_44604a9d,owner,2026-04-13T10:00:00+05:30,1,,active,2026-08-18T10:00:00+05:30
tmb_386151eb,trp_ed7e580e,usr_17083a9e,owner,2026-03-01T10:00:00+05:30,1,,active,2026-08-18T10:00:00+05:30
tmb_6ceb202c,trp_ed7e580e,usr_07f03d4c,editor,2026-07-03T10:00:00+05:30,2,usr_17083a9e,active,2026-08-18T10:00:00+05:30
tmb_d3c0947d,trp_5b79ffd1,usr_dabbaf95,owner,2026-04-28T10:00:00+05:30,1,,active,2026-08-18T10:00:00+05:30
tmb_c506a5e9,trp_5b79ffd1,usr_053e7434,viewer,2026-07-09T10:00:00+05:30,1,usr_dabbaf95,active,2026-08-18T10:00:00+05:30
tmb_8a327ecf,trp_5b79ffd1,usr_32a5a217,viewer,2026-07-01T10:00:00+05:30,1,usr_dabbaf95,inactive,2026-08-18T10:00:00+05:30
tmb_5753c568,trp_5b79ffd1,usr_8ff59c1a,editor,2026-06-04T10:00:00+05:30,0.5,usr_dabbaf95,inactive,2026-08-18T10:00:00+05:30
tmb_5bd11a14,trp_5b79ffd1,usr_065fbc7f,viewer,2026-04-04T10:00:00+05:30,1,usr_dabbaf95,active,2026-08-18T10:00:00+05:30
tmb_c5ebb98b,trp_5b79ffd1,usr_a386ca28,editor,2026-03-06T10:00:00+05:30,0.5,usr_dabbaf95,active,2026-08-18T10:00:00+05:30
tmb_aa2423a4,trp_574e5595,usr_05d0be25,owner,2026-02-13T10:00:00+05:30,1,,active,2026-08-18T10:00:00+05:30
tmb_66b59c39,trp_2035c85a,usr_6c3fae7b,owner,2026-03-12T10:00:00+05:30,1,,active,2026-08-18T10:00:00+05:30
tmb_b8345428,trp_2035c85a,usr_3438d3c4,editor,2026-07-31T10:00:00+05:30,1,usr_6c3fae7b,active,2026-08-18T10:00:00+05:30
tmb_05208731,trp_2035c85a,usr_8e226071,viewer,2026-05-24T10:00:00+05:30,0.5,usr_6c3fae7b,active,2026-08-18T10:00:00+05:30
tmb_1e498ab3,trp_2035c85a,usr_be4ecc52,editor,2026-05-07T10:00:00+05:30,1,usr_6c3fae7b,active,2026-08-18T10:00:00+05:30
tmb_26b96e58,trp_2035c85a,usr_4c4dd666,editor,2026-03-10T10:00:00+05:30,1,usr_6c3fae7b,active,2026-08-18T10:00:00+05:30
tmb_fdbf4d85,trp_2035c85a,usr_60fd8d80,editor,2026-06-07T10:00:00+05:30,0.5,usr_6c3fae7b,active,2026-08-18T10:00:00+05:30
tmb_78ff8caa,trp_f7736bd6,usr_79248234,owner,2026-05-21T10:00:00+05:30,1,,active,2026-08-18T10:00:00+05:30
tmb_d98981ea,trp_f7736bd6,usr_4f00071d,editor,2026-06-20T10:00:00+05:30,1,usr_79248234,active,2026-08-18T10:00:00+05:30
tmb_100c22c1,trp_f6031e74,usr_b8779399,owner,2026-03-18T10:00:00+05:30,1,,active,2026-08-18T10:00:00+05:30
tmb_4af26a36,trp_f6031e74,usr_4e8e3f6d,viewer,2026-06-16T10:00:00+05:30,2,usr_b8779399,active,2026-08-18T10:00:00+05:30
tmb_ce9ceda0,trp_8b48ae6e,usr_520d9624,owner,2026-05-13T10:00:00+05:30,1,,active,2026-08-18T10:00:00+05:30
tmb_042a14e2,trp_cf3db507,usr_e27e3b52,owner,2026-05-02T10:00:00+05:30,1,,active,2026-08-18T10:00:00+05:30
tmb_cfc4f223,trp_25e25e9c,usr_a370271a,owner,2026-07-19T10:00:00+05:30,1,,active,2026-08-18T10:00:00+05:30
tmb_221d1c63,trp_25e25e9c,usr_0389057b,editor,2026-03-16T10:00:00+05:30,1,usr_a370271a,active,2026-08-18T10:00:00+05:30
tmb_52b9f973,trp_ecb44c64,usr_b2323a23,owner,2026-06-29T10:00:00+05:30,1,,active,2026-08-18T10:00:00+05:30
tmb_56fa3352,trp_2c538bd5,usr_c659e4bf,owner,2026-06-26T10:00:00+05:30,1,,active,2026-08-18T10:00:00+05:30
tmb_1e4ee196,trp_9eb0f5fe,usr_40edb5af,owner,2026-06-09T10:00:00+05:30,1,,active,2026-08-18T10:00:00+05:30
tmb_cb63b702,trp_9eb0f5fe,usr_d20b2a69,editor,2026-04-15T10:00:00+05:30,0.5,usr_40edb5af,active,2026-08-18T10:00:00+05:30
tmb_3486ced8,trp_9eb0f5fe,usr_dace411a,editor,2026-04-15T10:00:00+05:30,1,usr_40edb5af,active,2026-08-18T10:00:00+05:30
tmb_4372d5e5,trp_9eb0f5fe,usr_e459a18c,editor,2026-03-03T10:00:00+05:30,1,usr_40edb5af,active,2026-08-18T10:00:00+05:30
tmb_41696bf2,trp_9eb0f5fe,usr_9694b4a3,editor,2026-07-26T10:00:00+05:30,0.5,usr_40edb5af,active,2026-08-18T10:00:00+05:30
tmb_b685544d,trp_4c04b27d,usr_50dd9495,owner,2026-02-07T10:00:00+05:30,1,,active,2026-08-18T10:00:00+05:30
tmb_b23338b5,trp_32a84989,usr_edf2bbfa,owner,2026-03-23T10:00:00+05:30,1,,active,2026-08-18T10:00:00+05:30
tmb_3b993ff4,trp_32a84989,usr_32a5a217,editor,2026-04-19T10:00:00+05:30,2,usr_edf2bbfa,active,2026-08-18T10:00:00+05:30
tmb_07fc0c53,trp_32a84989,usr_0ae483ef,viewer,2026-07-13T10:00:00+05:30,1,usr_edf2bbfa,active,2026-08-18T10:00:00+05:30
tmb_9e03c0f4,trp_32a84989,usr_0567fe37,viewer,2026-06-13T10:00:00+05:30,1,usr_edf2bbfa,active,2026-08-18T10:00:00+05:30
tmb_bc6b0ef4,trp_32a84989,usr_e7b2dd09,editor,2026-04-23T10:00:00+05:30,1,usr_edf2bbfa,active,2026-08-18T10:00:00+05:30
tmb_737a9a8f,trp_76677b52,usr_e21b6644,owner,2026-05-09T10:00:00+05:30,1,,active,2026-08-18T10:00:00+05:30
tmb_92c7de17,trp_76677b52,usr_55b114d5,editor,2026-08-07T10:00:00+05:30,2,usr_e21b6644,active,2026-08-18T10:00:00+05:30
tmb_f5932ed7,trp_c9e5981e,usr_e2490a9e,owner,2026-03-13T10:00:00+05:30,1,,active,2026-08-18T10:00:00+05:30
tmb_77e0f12a,trp_c9e5981e,usr_6c3fae7b,editor,2026-06-09T10:00:00+05:30,1,usr_e2490a9e,active,2026-08-18T10:00:00+05:30
tmb_04af9756,trp_835b8b9f,usr_5dec704e,owner,2026-04-15T10:00:00+05:30,1,,active,2026-08-18T10:00:00+05:30
tmb_baf23c28,trp_835b8b9f,usr_aef2650b,editor,2026-03-07T10:00:00+05:30,2,usr_5dec704e,active,2026-08-18T10:00:00+05:30
tmb_aed31223,trp_835b8b9f,usr_2353848b,editor,2026-02-24T10:00:00+05:30,1,usr_5dec704e,active,2026-08-18T10:00:00+05:30
tmb_bda86e2f,trp_835b8b9f,usr_34d0c50b,viewer,2026-06-16T10:00:00+05:30,2,usr_5dec704e,active,2026-08-18T10:00:00+05:30
tmb_746b84c0,trp_cf3635ee,usr_5dec704e,owner,2026-07-09T10:00:00+05:30,1,,active,2026-08-18T10:00:00+05:30
tmb_dc7022d3,trp_7507ac91,usr_6c3fae7b,owner,2026-02-12T10:00:00+05:30,1,,active,2026-08-18T10:00:00+05:30
tmb_0b357967,trp_7507ac91,usr_2740f754,editor,2026-08-10T10:00:00+05:30,2,usr_6c3fae7b,active,2026-08-18T10:00:00+05:30
tmb_98b3e2bb,trp_1af71903,usr_81dbf021,owner,2026-06-05T10:00:00+05:30,1,,active,2026-08-18T10:00:00+05:30
tmb_ba865bd7,trp_7a17c8a1,usr_b8c5bfe0,owner,2026-05-12T10:00:00+05:30,1,,active,2026-08-18T10:00:00+05:30
tmb_5414913c,trp_73adc9df,usr_1dd8f348,owner,2026-03-28T10:00:00+05:30,1,,active,2026-08-18T10:00:00+05:30
tmb_51d9d7d1,trp_c3b40723,usr_4b816f33,owner,2026-05-04T10:00:00+05:30,1,,active,2026-08-18T10:00:00+05:30
tmb_4c64fc39,trp_c3b40723,usr_d3acd59c,viewer,2026-02-28T10:00:00+05:30,2,usr_4b816f33,active,2026-08-18T10:00:00+05:30
tmb_01a23ab4,trp_96471330,usr_243cefe8,owner,2026-04-22T10:00:00+05:30,1,,active,2026-08-18T10:00:00+05:30
tmb_75713032,trp_56eeb108,usr_de5d9e34,owner,2026-03-23T10:00:00+05:30,1,,active,2026-08-18T10:00:00+05:30
tmb_5a51c999,trp_9bebde0c,usr_fe056e56,owner,2026-02-25T10:00:00+05:30,1,,active,2026-08-18T10:00:00+05:30
tmb_5745c217,trp_adec5721,usr_61710d50,owner,2026-02-06T10:00:00+05:30,1,,active,2026-08-18T10:00:00+05:30
tmb_5342b4e6,trp_adec5721,usr_a7185e16,editor,2026-03-12T10:00:00+05:30,1,usr_61710d50,active,2026-08-18T10:00:00+05:30
tmb_deae115e,trp_adec5721,usr_df582802,editor,2026-05-24T10:00:00+05:30,0.5,usr_61710d50,active,2026-08-18T10:00:00+05:30
tmb_45b15358,trp_d4204375,usr_e10845c8,owner,2026-05-13T10:00:00+05:30,1,,active,2026-08-18T10:00:00+05:30
tmb_d424aff3,trp_0629deb2,usr_5307f01f,owner,2026-04-22T10:00:00+05:30,1,,active,2026-08-18T10:00:00+05:30
tmb_b80340d9,trp_0629deb2,usr_0e9166f0,editor,2026-08-04T10:00:00+05:30,1,usr_5307f01f,active,2026-08-18T10:00:00+05:30
tmb_9dcb2f45,trp_0629deb2,usr_4a53ac63,editor,2026-03-30T10:00:00+05:30,1,usr_5307f01f,active,2026-08-18T10:00:00+05:30
tmb_b4f4e1d3,trp_cdb13358,usr_5f22c672,owner,2026-05-15T10:00:00+05:30,1,,active,2026-08-18T10:00:00+05:30
tmb_f589cb63,trp_cdb13358,usr_5d8450f0,editor,2026-06-20T10:00:00+05:30,1,usr_5f22c672,active,2026-08-18T10:00:00+05:30
tmb_e7131816,trp_c81c4b8e,usr_9694b4a3,owner,2026-07-07T10:00:00+05:30,1,,active,2026-08-18T10:00:00+05:30
tmb_e490ad05,trp_d22f372f,usr_e5415ac7,owner,2026-04-05T10:00:00+05:30,1,,active,2026-08-18T10:00:00+05:30
tmb_a9852fc9,trp_d22f372f,usr_0e5a0620,editor,2026-08-06T10:00:00+05:30,1,usr_e5415ac7,active,2026-08-18T10:00:00+05:30
tmb_380c571f,trp_d22f372f,usr_63d19d4c,viewer,2026-04-26T10:00:00+05:30,0.5,usr_e5415ac7,active,2026-08-18T10:00:00+05:30
tmb_dc816fe1,trp_d22f372f,usr_cc3e5793,editor,2026-03-17T10:00:00+05:30,1,usr_e5415ac7,active,2026-08-18T10:00:00+05:30
tmb_adcec311,trp_ac2f90d3,usr_05d0be25,owner,2026-07-09T10:00:00+05:30,1,,active,2026-08-18T10:00:00+05:30
tmb_be4132d4,trp_ac2f90d3,usr_f13873e9,editor,2026-08-05T10:00:00+05:30,1,usr_05d0be25,active,2026-08-18T10:00:00+05:30
tmb_97cef4f4,trp_ac2f90d3,usr_58d2b52f,editor,2026-07-20T10:00:00+05:30,2,usr_05d0be25,active,2026-08-18T10:00:00+05:30
tmb_5987d076,trp_ac2f90d3,usr_e0440f90,editor,2026-06-23T10:00:00+05:30,0.5,usr_05d0be25,active,2026-08-18T10:00:00+05:30
tmb_456c1aeb,trp_7d8e2e3c,usr_44604a9d,owner,2026-06-11T10:00:00+05:30,1,,active,2026-08-18T10:00:00+05:30
tmb_dac5e810,trp_7d8e2e3c,usr_14ca6dc1,editor,2026-08-10T10:00:00+05:30,1,usr_44604a9d,active,2026-08-18T10:00:00+05:30
tmb_563926c7,trp_7d8e2e3c,usr_1bd9093b,editor,2026-07-03T10:00:00+05:30,2,usr_44604a9d,active,2026-08-18T10:00:00+05:30
tmb_0e8c99e3,trp_9158f558,usr_fa7951d2,owner,2026-06-12T10:00:00+05:30,1,,active,2026-08-18T10:00:00+05:30
tmb_551aeeaf,trp_9158f558,usr_ea479c41,editor,2026-04-18T10:00:00+05:30,2,usr_fa7951d2,active,2026-08-18T10:00:00+05:30
tmb_3443ea09,trp_9158f558,usr_2fcc58dc,viewer,2026-05-07T10:00:00+05:30,1,usr_fa7951d2,inactive,2026-08-18T10:00:00+05:30
tmb_a91dd601,trp_740a0028,usr_651a4d17,owner,2026-03-12T10:00:00+05:30,1,,active,2026-08-18T10:00:00+05:30
tmb_df26ae22,trp_dbfef2b5,usr_5527167d,owner,2026-03-09T10:00:00+05:30,1,,active,2026-08-18T10:00:00+05:30
tmb_b09fceea,trp_b18bf78b,usr_d245dd5d,owner,2026-01-31T10:00:00+05:30,1,,active,2026-08-18T10:00:00+05:30
tmb_dcf56456,trp_566e3eb3,usr_424fbf1a,owner,2026-03-25T10:00:00+05:30,1,,active,2026-08-18T10:00:00+05:30
tmb_3036bb12,trp_566e3eb3,usr_bc4a9809,editor,2026-04-09T10:00:00+05:30,1,usr_424fbf1a,active,2026-08-18T10:00:00+05:30
tmb_9e514fef,trp_a0b8b8af,usr_8e89346c,owner,2026-03-30T10:00:00+05:30,1,,active,2026-08-18T10:00:00+05:30
tmb_6daf53a3,trp_ed2f3b97,usr_d8cab59f,owner,2026-02-20T10:00:00+05:30,1,,active,2026-08-18T10:00:00+05:30
tmb_b951e883,trp_2578a1a2,usr_157e58e7,owner,2026-05-12T10:00:00+05:30,1,,active,2026-08-18T10:00:00+05:30
tmb_b6afc561,trp_f2b92037,usr_3d92578a,owner,2026-03-30T10:00:00+05:30,1,,active,2026-08-18T10:00:00+05:30
tmb_6b667f28,trp_f2b92037,usr_5bbebfef,editor,2026-05-01T10:00:00+05:30,2,usr_3d92578a,active,2026-08-18T10:00:00+05:30
tmb_1d4a79dd,trp_f2b92037,usr_6ae6b723,editor,2026-04-17T10:00:00+05:30,1,usr_3d92578a,active,2026-08-18T10:00:00+05:30
tmb_576dec5e,trp_f2b92037,usr_424fbf1a,viewer,2026-02-26T10:00:00+05:30,1,usr_3d92578a,active,2026-08-18T10:00:00+05:30
tmb_6cfd0f79,trp_f2b92037,usr_22e61dad,editor,2026-03-20T10:00:00+05:30,2,usr_3d92578a,active,2026-08-18T10:00:00+05:30
tmb_e02beba5,trp_f2b92037,usr_ce11983a,editor,2026-06-01T10:00:00+05:30,1,usr_3d92578a,active,2026-08-18T10:00:00+05:30
tmb_5b990dd9,trp_f4115fa9,usr_bbd1ced8,owner,2026-03-09T10:00:00+05:30,1,,active,2026-08-18T10:00:00+05:30
tmb_b01c7381,trp_f4115fa9,usr_9d604e2e,viewer,2026-03-01T10:00:00+05:30,2,usr_bbd1ced8,active,2026-08-18T10:00:00+05:30
tmb_8a745340,trp_f4115fa9,usr_23811da7,viewer,2026-06-07T10:00:00+05:30,1,usr_bbd1ced8,active,2026-08-18T10:00:00+05:30
tmb_958ab4ac,trp_f4115fa9,usr_22a9ab26,viewer,2026-05-29T10:00:00+05:30,0.5,usr_bbd1ced8,active,2026-08-18T10:00:00+05:30
tmb_3507c2a3,trp_5ad4267c,usr_7da99ef5,owner,2026-06-29T10:00:00+05:30,1,,active,2026-08-18T10:00:00+05:30
tmb_dd53df20,trp_854e1930,usr_ba25cb52,owner,2026-04-23T10:00:00+05:30,1,,active,2026-08-18T10:00:00+05:30
tmb_a141becc,trp_e617ca9d,usr_72dfb712,owner,2026-02-27T10:00:00+05:30,1,,active,2026-08-18T10:00:00+05:30
tmb_033f3bc5,trp_7543950b,usr_e93a9eef,owner,2026-02-25T10:00:00+05:30,1,,active,2026-08-18T10:00:00+05:30
tmb_6bd951c6,trp_7543950b,usr_6f068e43,editor,2026-06-30T10:00:00+05:30,1,usr_e93a9eef,active,2026-08-18T10:00:00+05:30
tmb_b869d1df,trp_7543950b,usr_f427bdf9,editor,2026-03-13T10:00:00+05:30,2,usr_e93a9eef,active,2026-08-18T10:00:00+05:30
tmb_421e82b0,trp_7543950b,usr_a015811e,editor,2026-04-29T10:00:00+05:30,1,usr_e93a9eef,active,2026-08-18T10:00:00+05:30
tmb_4f1662e1,trp_3ebf9280,usr_beeb010f,owner,2026-04-08T10:00:00+05:30,1,,active,2026-08-18T10:00:00+05:30
tmb_b97765af,trp_3ebf9280,usr_9cb9eedc,viewer,2026-08-03T10:00:00+05:30,1,usr_beeb010f,active,2026-08-18T10:00:00+05:30
tmb_373f65e7,trp_2342ddcb,usr_34d33978,owner,2026-05-02T10:00:00+05:30,1,,active,2026-08-18T10:00:00+05:30
tmb_d28bbc97,trp_5bb207b2,usr_b96ef58c,owner,2026-04-10T10:00:00+05:30,1,,active,2026-08-18T10:00:00+05:30
tmb_f741d68d,trp_940ac1af,usr_3f4f4c52,owner,2026-06-08T10:00:00+05:30,1,,active,2026-08-18T10:00:00+05:30
tmb_e33f692e,trp_d923c276,usr_865c98a2,owner,2026-06-16T10:00:00+05:30,1,,active,2026-08-18T10:00:00+05:30
tmb_efe793f6,trp_0e658b9d,usr_3d92578a,owner,2026-05-24T10:00:00+05:30,1,,active,2026-08-18T10:00:00+05:30
tmb_a735e0c2,trp_876b6bd2,usr_e1f3dfbc,owner,2026-02-01T10:00:00+05:30,1,,active,2026-08-18T10:00:00+05:30
tmb_863073fa,trp_876b6bd2,usr_4f00071d,editor,2026-07-06T10:00:00+05:30,0.5,usr_e1f3dfbc,active,2026-08-18T10:00:00+05:30
tmb_602ccf2b,trp_876b6bd2,usr_8d55da4d,viewer,2026-07-11T10:00:00+05:30,2,usr_e1f3dfbc,active,2026-08-18T10:00:00+05:30
tmb_712e5ac5,trp_b14214a6,usr_78afc45f,owner,2026-04-18T10:00:00+05:30,1,,active,2026-08-18T10:00:00+05:30
tmb_1e00874d,trp_b14214a6,usr_8f81432c,viewer,2026-04-06T10:00:00+05:30,1,usr_78afc45f,active,2026-08-18T10:00:00+05:30
tmb_e0368895,trp_7fe2e631,usr_cb0928ac,owner,2026-03-07T10:00:00+05:30,1,,active,2026-08-18T10:00:00+05:30
tmb_4a100291,trp_7fe2e631,usr_4794174d,viewer,2026-07-04T10:00:00+05:30,0.5,usr_cb0928ac,active,2026-08-18T10:00:00+05:30
tmb_f019c434,trp_7fe2e631,usr_f3d35bfe,editor,2026-02-21T10:00:00+05:30,0.5,usr_cb0928ac,active,2026-08-18T10:00:00+05:30
tmb_7af15e03,trp_3dee7b31,usr_3393c7a2,owner,2026-07-01T10:00:00+05:30,1,,active,2026-08-18T10:00:00+05:30
tmb_971a95d2,trp_3dee7b31,usr_268fdb85,editor,2026-04-24T10:00:00+05:30,1,usr_3393c7a2,active,2026-08-18T10:00:00+05:30
tmb_8b09568b,trp_3dee7b31,usr_b50df034,editor,2026-02-27T10:00:00+05:30,1,usr_3393c7a2,active,2026-08-18T10:00:00+05:30
tmb_a061c3b1,trp_3dee7b31,usr_72796feb,editor,2026-04-27T10:00:00+05:30,0.5,usr_3393c7a2,active,2026-08-18T10:00:00+05:30
tmb_509080d0,trp_a41af335,usr_dcc95fd2,owner,2026-05-18T10:00:00+05:30,1,,active,2026-08-18T10:00:00+05:30
tmb_0da5849c,trp_e97f3f1c,usr_f60ade8b,owner,2026-03-16T10:00:00+05:30,1,,active,2026-08-18T10:00:00+05:30
tmb_3717d271,trp_bf65331c,usr_32f091df,owner,2026-05-24T10:00:00+05:30,1,,active,2026-08-18T10:00:00+05:30
tmb_4c63a756,trp_4c256d1e,usr_da6b9625,owner,2026-06-01T10:00:00+05:30,1,,active,2026-08-18T10:00:00+05:30
tmb_0cf153fa,trp_4c256d1e,usr_d3b4799e,editor,2026-08-12T10:00:00+05:30,1,usr_da6b9625,active,2026-08-18T10:00:00+05:30
tmb_5ed7f795,trp_4c256d1e,usr_9b002a1a,editor,2026-04-01T10:00:00+05:30,1,usr_da6b9625,active,2026-08-18T10:00:00+05:30
tmb_860d41bd,trp_4c256d1e,usr_fe54affe,editor,2026-05-04T10:00:00+05:30,0.5,usr_da6b9625,active,2026-08-18T10:00:00+05:30
tmb_0b6da025,trp_4c256d1e,usr_693c20b9,editor,2026-07-19T10:00:00+05:30,1,usr_da6b9625,active,2026-08-18T10:00:00+05:30
tmb_4f4c17c6,trp_2e23ea17,usr_afacd025,owner,2026-05-02T10:00:00+05:30,1,,active,2026-08-18T10:00:00+05:30
tmb_7c3adb4c,trp_2e23ea17,usr_63c4ad9e,viewer,2026-07-25T10:00:00+05:30,1,usr_afacd025,active,2026-08-18T10:00:00+05:30
tmb_0297b6e2,trp_2e23ea17,usr_805d11a5,editor,2026-07-01T10:00:00+05:30,1,usr_afacd025,active,2026-08-18T10:00:00+05:30
tmb_0197eabf,trp_2e23ea17,usr_6c522c49,viewer,2026-07-30T10:00:00+05:30,2,usr_afacd025,active,2026-08-18T10:00:00+05:30
tmb_ef6e2bd8,trp_2e23ea17,usr_651a4d17,viewer,2026-05-17T10:00:00+05:30,1,usr_afacd025,active,2026-08-18T10:00:00+05:30
tmb_88664f59,trp_2e23ea17,usr_99bd0088,viewer,2026-07-09T10:00:00+05:30,1,usr_afacd025,active,2026-08-18T10:00:00+05:30
tmb_d576ea49,trp_cfff63af,usr_b86dd891,owner,2026-02-24T10:00:00+05:30,1,,active,2026-08-18T10:00:00+05:30
tmb_38399c95,trp_aa024588,usr_74e3ecb1,owner,2026-03-03T10:00:00+05:30,1,,active,2026-08-18T10:00:00+05:30
tmb_8305a01b,trp_aa024588,usr_b10b045a,editor,2026-02-28T10:00:00+05:30,2,usr_74e3ecb1,active,2026-08-18T10:00:00+05:30
tmb_4a295dc0,trp_aa024588,usr_157e58e7,editor,2026-05-23T10:00:00+05:30,1,usr_74e3ecb1,active,2026-08-18T10:00:00+05:30
tmb_677f39f5,trp_32db6373,usr_24d10368,owner,2026-05-06T10:00:00+05:30,1,,active,2026-08-18T10:00:00+05:30
tmb_2bf8bc9f,trp_c0c1da94,usr_2aa556d6,owner,2026-04-03T10:00:00+05:30,1,,active,2026-08-18T10:00:00+05:30
tmb_a79d917a,trp_1c6b709c,usr_2433031a,owner,2026-04-29T10:00:00+05:30,1,,active,2026-08-18T10:00:00+05:30
tmb_1f2a8acf,trp_d8d828d7,usr_9b3b547f,owner,2026-07-16T10:00:00+05:30,1,,active,2026-08-18T10:00:00+05:30
tmb_3644fc1e,trp_d8d828d7,usr_c7dcdd3d,viewer,2026-03-24T10:00:00+05:30,1,usr_9b3b547f,inactive,2026-08-18T10:00:00+05:30
tmb_671d2b88,trp_d8d828d7,usr_36c3dbed,editor,2026-06-19T10:00:00+05:30,0.5,usr_9b3b547f,active,2026-08-18T10:00:00+05:30
tmb_0ddc8b94,trp_d8d828d7,usr_756ce6b3,editor,2026-04-13T10:00:00+05:30,1,usr_9b3b547f,active,2026-08-18T10:00:00+05:30
tmb_d626b910,trp_d8d828d7,usr_e9d7fa81,editor,2026-04-13T10:00:00+05:30,0.5,usr_9b3b547f,active,2026-08-18T10:00:00+05:30
tmb_4b9a41e6,trp_2974df6f,usr_c8025f92,owner,2026-03-08T10:00:00+05:30,1,,active,2026-08-18T10:00:00+05:30
